accepted_at_utc,stock,strategy,buy_venue,buy_avg_price,buy_worst_price,sell_venue,sell_avg_price,sell_worst_price,notional_usd,capacity_usd,gross_bps,funding_bps,fees_bps,slippage_bps,other_costs_bps,net_bps,oldest_input_ms,expires_at_utc,opportunity_id,evidence_hash
2026-09-30T13:39:22.426Z,HOOD,perp_spread,trade.xyz,122.290000,122.29,Bitget,122.545083,122.52,2500,21340.09,20.8588,-0.1595,15.0000,2.0000,0.0000,3.6993,1020,2026-09-30T12:55:40.094Z,opp_d41be7a8d9254be3e1404d27,sha256:30168675b19464195d6049e4a328143ac202a9272d3b4f9010be065af9460de5
2026-09-30T13:42:45.822Z,MSTR,perp_spread,trade.xyz,160.710000,160.71,Bitget,160.991430,160.99,2500,17446.16,17.5116,-0.1642,15.0000,2.0000,0.0000,0.3475,1138,2026-09-30T13:07:11.582Z,opp_93c7ace1ef584726d234f0ca,sha256:c8966281aed2d37344ac665d341e0f9b96fdb81e9db5ddec75e56ab65549d5ae
2026-09-30T13:44:06.688Z,GOOGL,perp_spread,trade.xyz,345.360000,345.36,Bitget,345.958913,345.92,2500,24134.29,17.3417,-0.1458,15.0000,2.0000,0.0000,0.1959,1382,2026-09-30T13:13:23.860Z,opp_24c7902995a1f6e3409bb8ff,sha256:02b76cd43b9cdc9fcbfbf399a5cc90827b9efd1680bc753eabcc0fab1be06541
2026-09-30T13:44:06.688Z,GOOGL,funding_differential,trade.xyz,345.360000,345.36,Bitget,345.958913,345.92,2500,24134.29,17.3417,-0.1458,15.0000,2.0000,0.0000,0.1959,1382,2026-09-30T13:13:51.860Z,opp_729e3612d9977c7585df084b,sha256:73fa9e9d1e2c5f416e519e323dcfdbe2e75f64be2f91d03f0658f4743f69feec
2026-09-30T13:49:59.406Z,MSTR,perp_spread,trade.xyz,160.840000,160.84,Bitget,161.219275,161.2,2500,92706.69,23.5809,-0.0911,15.0000,2.0000,0.0000,6.4898,1686,2026-09-30T13:30:30.373Z,opp_ba89819c229a7c612153d2d4,sha256:c3eb932e86abf518f95d16a498ea9f6c990bae53f34102ef79e1ba6dde986fc0
2026-09-30T13:49:59.407Z,MSTR,perp_spread,trade.xyz,161.110000,161.11,Bitget,161.394958,161.36,2500,18027.52,17.6872,-0.0948,15.0000,2.0000,0.0000,0.5923,1504,2026-09-30T13:30:49.529Z,opp_44ce793a59af8249ee41ca9f,sha256:3acd36d2d74e1d658a3617b47501be4fc0d10c70e82306706d8a9be377424df0
2026-09-30T13:49:59.407Z,MSTR,funding_differential,trade.xyz,161.270000,161.27,Bitget,161.549858,161.53,2500,63893.39,17.3534,-0.0948,15.0000,2.0000,0.0000,0.2585,1089,2026-09-30T13:31:10.038Z,opp_4f3c9228030b0200fad89a55,sha256:4c67682904dd6e24f006e8c6640ec38cf9b8e518dfad706a971f3b095b8626cd
2026-09-30T13:49:59.407Z,MSTR,perp_spread,trade.xyz,161.110000,161.11,Bitget,161.394958,161.36,2500,18027.52,17.6872,-0.0948,15.0000,2.0000,0.0000,0.5923,1341,2026-09-30T13:30:49.529Z,opp_76f50c0655775aa1e36ab957,sha256:b3142b3e3cfa69e7473adf7b6d1ebf375f97c7ed16819b665cbe180c0e1a0b92
2026-09-30T13:49:59.407Z,MSTR,perp_spread,trade.xyz,161.270000,161.27,Bitget,161.549858,161.53,2500,63893.39,17.3534,-0.0948,15.0000,2.0000,0.0000,0.2585,1089,2026-09-30T13:30:42.038Z,opp_ad54847088b051ce9c8b6192,sha256:c1337477e82493ebe0465d2722d8ec6cbb616dd78bfefc058774660a0103af44
2026-09-30T13:49:59.407Z,MSTR,funding_differential,trade.xyz,161.110000,161.11,Bitget,161.394958,161.36,2500,18027.52,17.6872,-0.0948,15.0000,2.0000,0.0000,0.5923,1504,2026-09-30T13:31:17.529Z,opp_aeaaf364d5e11493a7b460cd,sha256:bc37b4e7dd9a07a217548993b4aaadf01d6cdc72aa18043ab27d84ee7b6fd7f3
2026-09-30T13:49:59.407Z,MSTR,perp_spread,trade.xyz,161.110000,161.11,Bitget,161.394958,161.36,2500,18027.52,17.6872,-0.0948,15.0000,2.0000,0.0000,0.5923,1837,2026-09-30T13:30:49.529Z,opp_e79c61160625d215024fff90,sha256:ac5c966894142282d6df5df33db7b15bc6c78b3044470759360ca4cc899f3ebf
2026-09-30T13:49:59.407Z,MSTR,funding_differential,trade.xyz,161.110000,161.11,Bitget,161.394958,161.36,2500,18027.52,17.6872,-0.0948,15.0000,2.0000,0.0000,0.5923,1341,2026-09-30T13:31:17.529Z,opp_fa31d7c74624f5b13bb48058,sha256:ed3a69451bf577fb4c97295ee1689cadc16938953fd58b0a57348553381a3c53
2026-09-30T13:49:59.408Z,MSTR,perp_spread,trade.xyz,161.550000,161.55,Bitget,161.917668,161.89,2500,24631.41,22.7588,-0.0948,15.0000,2.0000,0.0000,5.6640,1523,2026-09-30T13:30:56.967Z,opp_00c4ce381c25a68d9ba751ab,sha256:09ab3ee72dcfd36c5d076bb27471743a1525d2be55cbdd03b7bbbbabb09118b7
2026-09-30T13:49:59.408Z,MSTR,funding_differential,trade.xyz,161.550000,161.55,Bitget,161.917668,161.89,2500,24631.41,22.7588,-0.0948,15.0000,2.0000,0.0000,5.6640,1523,2026-09-30T13:31:24.967Z,opp_4696843d1770c4166d573e2f,sha256:9d1276887d43a1bef4bfb737cc391d6b601407e61eaa2bc5ec15e31c9aae5aae
2026-09-30T13:51:10.353Z,MSTR,perp_spread,trade.xyz,162.000000,162,Bitget,162.340682,162.32,2500,158376.90,21.0298,-0.0948,15.0000,2.0000,0.0000,3.9349,1728,2026-09-30T13:31:05.221Z,opp_bae75e3b08ba8d4ace4d4847,sha256:3247fef37e961bdc8a341455ca2024353296bed7beee9c344d1ebdb4528e948a
2026-09-30T13:51:10.354Z,META,perp_spread,trade.xyz,730.029994,730.07,Bitget,731.363175,731.33,2500,22496.41,18.2620,-0.0726,15.0000,2.0000,0.0000,1.1894,1269,2026-09-30T13:31:10.621Z,opp_df9487b7264d6506332e78c1,sha256:0e2ccc2219cc878ecc41e9309a52543e88460288596cfef4f66f9da86c9096cc
2026-09-30T13:51:10.358Z,MSTR,perp_spread,trade.xyz,163.111591,163.16,Bitget,163.580792,163.55,2500,8013.83,28.7657,-0.0948,15.0000,2.0000,0.0000,11.6708,1345,2026-09-30T13:31:31.850Z,opp_991734a55ffe17bf4421e60f,sha256:66a887027d0054fe2a8fd9d82ac84fb605589083306c1bc72b649e310c2f5eab
2026-09-30T13:51:10.359Z,MSTR,perp_spread,trade.xyz,163.111591,163.16,Bitget,163.580792,163.55,2500,8013.83,28.7657,-0.0948,15.0000,2.0000,0.0000,11.6708,1617,2026-09-30T13:31:31.850Z,opp_821611af2c55d643fec8fe68,sha256:ccb4bdc159fc47081975fd79ce0f9532dc65b0b27f5641cf14a5963d0afdee7a
2026-09-30T13:51:10.359Z,MSTR,funding_differential,trade.xyz,163.111591,163.16,Bitget,163.580792,163.55,2500,8013.83,28.7657,-0.0948,15.0000,2.0000,0.0000,11.6708,1345,2026-09-30T13:31:59.850Z,opp_ba27c2fd4987c46e2577c182,sha256:56327d99ca3c9d06f94d7f0b4c888d6b3fe043f740579f171fff578cdf58417e
2026-09-30T13:51:10.362Z,MSTR,perp_spread,trade.xyz,162.530617,162.67,Bitget,162.902533,162.88,2500,8017.55,22.8828,-0.1027,15.0000,2.0000,0.0000,5.7801,1817,2026-09-30T13:31:52.603Z,opp_3da7d0fc8a17184ca660e155,sha256:fcd4941c6572692e9142e5b5b64995b658a45556f55ce17d14894c657a362e9b
2026-09-30T13:51:10.362Z,MSTR,perp_spread,trade.xyz,162.390000,162.39,Bitget,162.749671,162.7,2500,19850.45,22.1486,-0.1027,15.0000,2.0000,0.0000,5.0459,1304,2026-09-30T13:31:52.066Z,opp_9c119e1df6d06c058026d81e,sha256:8d667e4a578bb46bf38e303ada9b8b896dbf524ccae8d6a6f7a9b5c6267b0f42
2026-09-30T13:51:10.362Z,MSTR,perp_spread,trade.xyz,162.390000,162.39,Bitget,162.680966,162.66,2500,19850.45,17.9177,-0.1027,15.0000,2.0000,0.0000,0.8150,1033,2026-09-30T13:31:52.066Z,opp_e76608bd828820d9610bd46c,sha256:0f373d740ef46c1fb03b4d0f3f5c50b6fb63dc171b33c21eaf787ae7f32aa623
2026-09-30T13:51:10.364Z,HOOD,perp_spread,trade.xyz,120.650000,120.65,Bitget,120.890629,120.8,2500,42985.54,19.9444,-0.1673,15.0000,2.0000,0.0000,2.7771,1636,2026-09-30T13:31:54.811Z,opp_d4efb25c88d938d9129bff4c,sha256:52452c0ccdc83f8bc85b32ffa98a88046f06cc65a910b427179d81ae40646180
2026-09-30T13:51:10.364Z,HOOD,funding_differential,trade.xyz,120.650000,120.65,Bitget,120.890629,120.8,2500,42985.54,19.9444,-0.1673,15.0000,2.0000,0.0000,2.7771,1636,2026-09-30T13:32:22.811Z,opp_e75569ea983132a83e0a2bf7,sha256:378975fbcd86ea4a4a9ce06ceb95bc94f9c2a39e64f535612edd6aaad49020c2
2026-09-30T13:51:10.369Z,META,perp_spread,trade.xyz,728.060000,728.06,Bitget,729.353398,729.33,2500,14478.33,17.7650,-0.0713,15.0000,2.0000,0.0000,0.6937,1366,2026-09-30T13:32:07.388Z,opp_bc087db55418351b159a14f0,sha256:6a7294d97cbd6271ab4ba239949a7bd6067b8cf1fba340d8ff47abd3f4d32908
2026-09-30T13:51:10.372Z,MSTR,funding_differential,trade.xyz,162.790000,162.79,Bitget,163.186149,163.15,2500,25585.00,24.3350,-0.1027,15.0000,2.0000,0.0000,7.2322,1741,2026-09-30T13:32:46.165Z,opp_023dcef57c0c0757010e60e5,sha256:780b0183b0fd3ef5818e90cad7ea612a1298400a4da4cdf5ca19ba28d44b30db
2026-09-30T13:51:10.372Z,MSTR,perp_spread,trade.xyz,162.790000,162.79,Bitget,163.186149,163.15,2500,25585.00,24.3350,-0.1027,15.0000,2.0000,0.0000,7.2322,1741,2026-09-30T13:32:18.165Z,opp_26581e7489b24ecb40caa684,sha256:616401cc12045dcb2bb7ddf8473a618888e2fa7008a8d18c07f75dbe922ec871
2026-09-30T13:51:10.375Z,MSTR,perp_spread,Bitget,161.907528,161.94,trade.xyz,162.195987,162.18,2500,12959.90,17.8163,0.0957,15.0000,2.0000,0.0000,0.9120,1434,2026-09-30T13:32:46.684Z,opp_d4518ec4c064ef6922fffaf1,sha256:b72c55918b8a03ee38c42449fa8855c76cb0265e6a75a0e84059c28b585f3718
2026-09-30T13:51:10.375Z,COIN,perp_spread,Bitget,196.100808,196.17,trade.xyz,196.531096,196.51,2500,9163.47,21.9422,0.2735,15.0000,2.0000,0.0000,5.2157,1253,2026-09-30T13:32:46.684Z,opp_f3116b12800eb8f3bf34d31f,sha256:c9ee056e7f758dde5ff61f5e4662832283823531f41eae2f525b1c0486f08d86
2026-09-30T13:51:10.375Z,COIN,funding_differential,Bitget,196.100808,196.17,trade.xyz,196.531096,196.51,2500,9163.47,21.9422,0.2735,15.0000,2.0000,0.0000,5.2157,1253,2026-09-30T13:33:14.684Z,opp_f62c5da9432efdf1c884bdab,sha256:48716276ccfc551bd8ef9faf05787fa49d21a50d1972c04ee9d72190751cfe80
2026-09-30T13:52:11.252Z,COIN,perp_spread,Bitget,195.559104,195.65,trade.xyz,196.077863,196.04,2500,6852.52,26.5270,0.2735,15.0000,2.0000,0.0000,9.8005,1508,2026-09-30T13:32:47.186Z,opp_143846527838d70775e4aa8c,sha256:a376f11b252d6d00a74ee8e291af87a7802c4e8ab41fdc2a66fda67376a697d0
2026-09-30T13:52:11.252Z,COIN,perp_spread,Bitget,195.559104,195.65,trade.xyz,196.077863,196.04,2500,6852.52,26.5270,0.2735,15.0000,2.0000,0.0000,9.8005,1096,2026-09-30T13:32:47.186Z,opp_23e889b1bd20969229ae110a,sha256:3da09696f1230779eddceb64e752a62b6f056383765583760c0fad41ceea580e
2026-09-30T13:52:11.252Z,COIN,funding_differential,Bitget,195.559104,195.65,trade.xyz,196.077863,196.04,2500,6852.52,26.5270,0.2735,15.0000,2.0000,0.0000,9.8005,1302,2026-09-30T13:33:15.186Z,opp_36da91edcc79694f6cfa823d,sha256:0c5809c67b47133eed9a0541d710780764f56dea55af1ccc34f56a785c8f15d8
2026-09-30T13:52:11.252Z,COIN,funding_differential,Bitget,195.559104,195.65,trade.xyz,196.077863,196.04,2500,6852.52,26.5270,0.2735,15.0000,2.0000,0.0000,9.8005,1096,2026-09-30T13:33:15.186Z,opp_8095e28b13d6c73ce5142d1b,sha256:7f08e950f1981562436845eab5b6fc8c04f80d6ebe4b618790ca24646983bf6f
2026-09-30T13:52:11.252Z,COIN,perp_spread,Bitget,195.559104,195.65,trade.xyz,196.077863,196.04,2500,6852.52,26.5270,0.2735,15.0000,2.0000,0.0000,9.8005,1302,2026-09-30T13:32:47.186Z,opp_82dcbdc4b03cade92b5505b5,sha256:3800931ebd7c54723f4d0e89704b2bbfd2b17e11dffe5848615ae032c5f80cab
2026-09-30T13:52:11.254Z,HOOD,funding_differential,trade.xyz,118.660000,118.66,Bitget,119.220000,119.22,2500,76782.28,47.1937,-0.1669,15.0000,2.0000,0.0000,30.0268,710,2026-09-30T13:33:26.996Z,opp_3c256572ce19d9d956de9c20,sha256:8ce05a8c4b1155ae2e9f2328f684516fbab34ee2e6233a22be22f665e479ecb5
2026-09-30T13:52:11.254Z,HOOD,perp_spread,trade.xyz,118.660000,118.66,Bitget,119.220000,119.22,2500,76782.28,47.1937,-0.1669,15.0000,2.0000,0.0000,30.0268,710,2026-09-30T13:32:58.996Z,opp_b83c83e14a9eb29e4ee7d170,sha256:40676ee6ce28b6c038861bd1c2796759cafa2181ac0e227c5572f9109c54a351
2026-09-30T13:52:11.254Z,HOOD,perp_spread,trade.xyz,118.846703,118.85,Bitget,119.220000,119.22,2500,24739.46,31.4100,-0.1669,15.0000,2.0000,0.0000,14.2431,1017,2026-09-30T13:32:59.415Z,opp_e03ef0209d45216f9f18ac56,sha256:0ae592eddbb670f629eb7f68d26e361cdac56aae43caec221ba4229d2676e93d
2026-09-30T13:52:11.254Z,HOOD,perp_spread,trade.xyz,119.107998,119.12,Bitget,119.340000,119.34,2500,23723.40,19.4783,-0.1669,15.0000,2.0000,0.0000,2.3114,1211,2026-09-30T13:33:01.568Z,opp_f1908012e6f7c720b747fe98,sha256:a37ddf2fc5d2aa13c9ba935d187f066885eedd74fe84e0e343cb1b5ff504c8ea
2026-09-30T13:52:11.255Z,MSTR,perp_spread,Bitget,160.312602,160.35,trade.xyz,160.761523,160.73,2500,19718.20,28.0029,0.0957,15.0000,2.0000,0.0000,11.0986,1274,2026-09-30T13:33:08.244Z,opp_02a41c068bb6adecc1ac89cb,sha256:24040c8f80407bdf4ac6e015bbdafd403b31cedd45dd5bef359167a7d8a01ddc
2026-09-30T13:52:11.255Z,COIN,funding_differential,Bitget,194.274353,194.51,trade.xyz,194.752764,194.69,2500,4827.57,24.6255,0.2735,15.0000,2.0000,0.0000,7.8991,1659,2026-09-30T13:33:35.650Z,opp_2784ec11fefbda6ea063e81c,sha256:f1a1f741b887e52cd9e36e79ce8584d5d094e36ca74510cc8ba5b5ee99eb14ee
2026-09-30T13:52:11.255Z,MSTR,funding_differential,Bitget,160.275746,160.31,trade.xyz,160.587821,160.58,2500,4517.36,19.4712,0.0957,15.0000,2.0000,0.0000,2.5669,1367,2026-09-30T13:33:36.776Z,opp_38ae27ebe97d742d3890dcc8,sha256:696ef5fa5898061fb01d1f4eec114dd589e2062b52e9a91e6ea5e9b294560d23
2026-09-30T13:52:11.255Z,MSTR,funding_differential,Bitget,160.312602,160.35,trade.xyz,160.761523,160.73,2500,19718.20,28.0029,0.0957,15.0000,2.0000,0.0000,11.0986,1274,2026-09-30T13:33:36.244Z,opp_43f6bb0e4639c67916c6b5de,sha256:7bdbf05a6458191e8321fea6707df15ae52fc6bc57bcd872da27c8c80efd841e
2026-09-30T13:52:11.255Z,MSTR,funding_differential,Bitget,160.275746,160.31,trade.xyz,160.761523,160.73,2500,19718.20,30.3089,0.0957,15.0000,2.0000,0.0000,13.4046,1658,2026-09-30T13:33:36.244Z,opp_73a2de07822b2d5c035ebd27,sha256:3874fbef5e4452d780c7b30721072cde63806abc0b23344a528a4336c797c0c8
2026-09-30T13:52:11.255Z,COIN,perp_spread,Bitget,194.274353,194.51,trade.xyz,194.752764,194.69,2500,4827.57,24.6255,0.2735,15.0000,2.0000,0.0000,7.8991,1659,2026-09-30T13:33:07.650Z,opp_79ac466dd91d66cc190572d1,sha256:69dbc8110ccd30c3914c5c69c0aa43c9b79ca790fc22fdeb3c9a1b5f32c00852
2026-09-30T13:52:11.255Z,MSTR,perp_spread,Bitget,160.275746,160.31,trade.xyz,160.587821,160.58,2500,4517.36,19.4712,0.0957,15.0000,2.0000,0.0000,2.5669,1367,2026-09-30T13:33:08.776Z,opp_8c3ad58123bf392d2a6d4908,sha256:6316806b641f725b65abf48c342dd2fe56957fe6d6bac66d6106623b52a5f68d
2026-09-30T13:52:11.255Z,HOOD,perp_spread,Bitget,118.766266,118.77,trade.xyz,118.989270,118.97,2500,9624.87,18.7767,0.1669,15.0000,2.0000,0.0000,1.9436,1494,2026-09-30T13:33:08.244Z,opp_ba0a2ee930facb963c532685,sha256:96b64606d7782d5ae38c54286a27d639845fd895eb9d6c2dabadaa0241749144
2026-09-30T13:52:11.255Z,MSTR,perp_spread,Bitget,160.275746,160.31,trade.xyz,160.761523,160.73,2500,19718.20,30.3089,0.0957,15.0000,2.0000,0.0000,13.4046,1658,2026-09-30T13:33:08.244Z,opp_cf112af23dc9bd1ae0021674,sha256:12e84fc8f592efabcfcbd7a30db13b4471bd3efa44292cc0768a64e65bfd7193
2026-09-30T13:52:11.256Z,MSTR,perp_spread,trade.xyz,160.140000,160.14,Bitget,160.463563,160.43,2500,103179.54,20.2050,-0.0957,15.0000,2.0000,0.0000,3.1093,1849,2026-09-30T13:33:13.119Z,opp_283cf3880f6e5a8f52bcf09d,sha256:6732bef4ac0fbf6dd4a446719d834f180a076b6653935602d96dc0105e795d12
2026-09-30T13:52:11.258Z,MSTR,funding_differential,trade.xyz,159.740000,159.74,Bitget,160.036399,160,2500,9392.56,18.5551,-0.0957,15.0000,2.0000,0.0000,1.4594,1779,2026-09-30T13:33:59.589Z,opp_0d962666e45fa6f1cc48d44a,sha256:810df1276b01e11c633f8095e7fb0313d0677d92c29bb6ec625dcfc9c45f36ba
2026-09-30T13:52:11.258Z,MSTR,perp_spread,trade.xyz,159.740000,159.74,Bitget,160.036399,160,2500,9392.56,18.5551,-0.0957,15.0000,2.0000,0.0000,1.4594,1779,2026-09-30T13:33:31.589Z,opp_7717e630a6a3c75a7fe25322,sha256:a95d9f3cdf215917ed80dfbb7edd4092914f1f6b1accdad70c1a0718faf5c9bd
2026-09-30T13:52:11.258Z,MSTR,perp_spread,trade.xyz,159.740000,159.74,Bitget,160.072066,160.04,2500,49395.87,20.7879,-0.0957,15.0000,2.0000,0.0000,3.6922,1367,2026-09-30T13:33:31.062Z,opp_c23f01b3ec04215a1ace63ab,sha256:b477ffb76d1d848e11e8469ff6d5f9a1030d5a176dcea7a1dc3e50762d99503b
2026-09-30T13:52:11.258Z,MSTR,perp_spread,trade.xyz,159.740000,159.74,Bitget,160.072066,160.04,2500,9392.56,20.7879,-0.0957,15.0000,2.0000,0.0000,3.6922,1175,2026-09-30T13:33:31.589Z,opp_d4223894a9a283d417ad6227,sha256:6b5a2fdb47a49a9960f5108fef162b4bd05f44108c5b96db981aae1ae648e7f4
2026-09-30T13:52:11.259Z,HOOD,funding_differential,Bitget,117.557747,117.59,trade.xyz,117.760000,117.76,2500,22526.65,17.2046,0.1669,15.0000,2.0000,0.0000,0.3715,1174,2026-09-30T13:34:02.333Z,opp_0e022470a88f99fc06595a61,sha256:f338ff027d5fe9ce7f19f0dd7b5f4750c44ca353c3942e10539f4235bcdfe2fb
2026-09-30T13:52:11.259Z,MSFT,perp_spread,trade.xyz,513.473078,513.49,Bitget,514.407840,514.36,2500,7912.83,18.2047,-0.0625,15.0000,2.0000,0.0000,1.1422,1131,2026-09-30T13:33:39.368Z,opp_5b51cd71acb9ea5b4e71f55e,sha256:e9b3986f761681a8cf3355d0c2d702f56a3e57ec654cf104d393fb05d9a2a926
2026-09-30T13:52:11.259Z,HOOD,perp_spread,Bitget,117.557747,117.59,trade.xyz,117.760000,117.76,2500,22526.65,17.2046,0.1669,15.0000,2.0000,0.0000,0.3715,965,2026-09-30T13:33:34.333Z,opp_a776fe5a8a22fe2d66cefc3b,sha256:7de9c4613fc21256a7657743661f1e6deb305b24d330a4f6c39d0a2fa558a588
2026-09-30T13:52:11.259Z,HOOD,perp_spread,Bitget,117.557747,117.59,trade.xyz,117.760000,117.76,2500,22526.65,17.2046,0.1669,15.0000,2.0000,0.0000,0.3715,1174,2026-09-30T13:33:34.333Z,opp_b0d613e0a3077bd36163d1e0,sha256:d7bb7533e442ffa8b08fc1696495abf0ca26ab39673bce2c8d80b85197693839
2026-09-30T13:52:11.259Z,HOOD,funding_differential,Bitget,117.557747,117.59,trade.xyz,117.760000,117.76,2500,22526.65,17.2046,0.1669,15.0000,2.0000,0.0000,0.3715,965,2026-09-30T13:34:02.333Z,opp_eb535c889576f5802e4ac3ac,sha256:2c078330cdbc906b56314887ccad983adb4388b655f96e51b60e3ac6638889e7
2026-09-30T13:52:11.260Z,HOOD,perp_spread,trade.xyz,117.000000,117,Bitget,117.269342,117.1,2500,18532.61,23.0207,-0.1527,15.0000,2.0000,0.0000,5.8679,856,2026-09-30T13:33:51.722Z,opp_177f84ed8e16511e840e99da,sha256:3f852568afd3123e2e3518fa7c82783becc304ba622b7a7404d744a69a716b09
2026-09-30T13:52:11.260Z,HOOD,funding_differential,trade.xyz,117.000000,117,Bitget,117.269342,117.1,2500,18532.61,23.0207,-0.1527,15.0000,2.0000,0.0000,5.8679,856,2026-09-30T13:34:19.722Z,opp_282fe5fc0a712a24f7ef75c9,sha256:966b66fac2792b5146904fbf1456ebe8d9aed7c6adc5757fcfd428bb536134fb
2026-09-30T13:52:11.260Z,HOOD,perp_spread,trade.xyz,117.220000,117.22,Bitget,117.495179,117.37,2500,38650.94,23.4755,-0.1527,15.0000,2.0000,0.0000,6.3227,1561,2026-09-30T13:33:52.813Z,opp_2b1c50c2d2fd123b53b5e07b,sha256:769b55ed37ffebeb4762c1af3eeebbd94de3eb263e5c3a25a3cbf780e1483d6a
2026-09-30T13:52:11.260Z,HOOD,funding_differential,trade.xyz,117.220000,117.22,Bitget,117.495179,117.37,2500,38650.94,23.4755,-0.1527,15.0000,2.0000,0.0000,6.3227,1561,2026-09-30T13:34:20.813Z,opp_404ca8a4c00f619b969f81a3,sha256:d749c000c6aa1219161d9110d4aceb83963f0d926371575d5b7fdd0a1821edd7
2026-09-30T13:52:11.272Z,MSTR,perp_spread,trade.xyz,159.564799,159.57,Bitget,159.883168,159.87,2500,9625.44,19.9523,-0.0874,15.0000,2.0000,0.0000,2.8649,1103,2026-09-30T13:34:02.002Z,opp_41fcaf3b7134d3119da6cf0d,sha256:ef315ba9c912ce78c96a5bbe7555e986b868120deff4d126ba4eb14b7b5c0e47
2026-09-30T13:53:04.291Z,MSTR,funding_differential,trade.xyz,159.061402,159.11,Bitget,159.405203,159.37,2500,8101.66,21.6143,-0.0874,15.0000,2.0000,0.0000,4.5270,940,2026-09-30T13:34:44.609Z,opp_07688b4c30647a2a8d08150a,sha256:03a8e7ee3b6d9c13d298856a75fdc70aca913e07de5648bbb0e5212bafb37dbc
2026-09-30T13:53:04.291Z,MSTR,perp_spread,trade.xyz,159.061402,159.11,Bitget,159.405203,159.37,2500,8101.66,21.6143,-0.0874,15.0000,2.0000,0.0000,4.5270,940,2026-09-30T13:34:16.609Z,opp_0da72ca32bb701017252fb7b,sha256:016a746eeab6244f18ad61d5bd8d5d0eae5c086b9be592fecab3bfad119b9d4e
2026-09-30T13:53:04.291Z,MSTR,perp_spread,trade.xyz,158.850000,158.85,Bitget,159.202021,159.18,2500,24574.32,22.1606,-0.0874,15.0000,2.0000,0.0000,5.0732,1243,2026-09-30T13:34:16.113Z,opp_0e3e24d9e6ac33ef7bd2a53f,sha256:0e97943c32d37fc5b0d9995720ed880b46180d38e888f1a9dd3247565e0e325c
2026-09-30T13:53:04.291Z,MSTR,perp_spread,Bitget,158.997051,159.01,trade.xyz,159.331000,159.32,2500,27931.08,21.0034,0.0874,15.0000,2.0000,0.0000,4.0908,1625,2026-09-30T13:34:18.800Z,opp_e3a1c2874ddde2bee0aa4761,sha256:cbfca7381230ce5460266de5357a46ea6b10964883722800a87a1f5ee86c4342
2026-09-30T13:53:04.291Z,MSTR,funding_differential,Bitget,158.997051,159.01,trade.xyz,159.331000,159.32,2500,27931.08,21.0034,0.0874,15.0000,2.0000,0.0000,4.0908,1625,2026-09-30T13:34:46.800Z,opp_e88015f7c67e3a0f5dda9c31,sha256:338739bc607cbff2e39b6bb3dc4dd3d5630c502f4f2a59dfcad0d4e3ae85434f
2026-09-30T13:53:50.329Z,MSTR,funding_differential,trade.xyz,156.634602,156.64,Bitget,156.980363,156.96,2500,34991.82,22.0744,-0.0871,15.0000,2.0000,0.0000,4.9873,1657,2026-09-30T13:36:24.764Z,opp_a3ce777c350b3d57f57cab6f,sha256:dfc7db629df2afbf81d9973bd311d034399deafcd21e845ff783482a9b6d6e6e
2026-09-30T13:53:50.329Z,MSTR,perp_spread,trade.xyz,156.634602,156.64,Bitget,156.980363,156.96,2500,34991.82,22.0744,-0.0871,15.0000,2.0000,0.0000,4.9873,1657,2026-09-30T13:35:56.764Z,opp_f86fd1077787e58426e2be25,sha256:a2e3227ca8855e1e6f7e9ab1758ef1b4c27fd3e184d3c7387b731663e714e1e0
2026-09-30T13:53:50.333Z,HOOD,funding_differential,trade.xyz,113.840000,113.84,Bitget,114.175998,114.11,2500,28258.19,29.5150,-0.1468,15.0000,2.0000,0.0000,12.3681,1403,2026-09-30T13:36:34.890Z,opp_10b5339a0c9182511b4c8180,sha256:13fc40ba6c961c5e2b7d794970d5b6713cabfbc1391571a4a4451aefeb35f9ec
2026-09-30T13:53:50.333Z,HOOD,perp_spread,trade.xyz,113.840000,113.84,Bitget,114.175998,114.11,2500,28258.19,29.5150,-0.1468,15.0000,2.0000,0.0000,12.3681,1403,2026-09-30T13:36:06.890Z,opp_26ca99de96322c807cd97fab,sha256:9db57d8c1347218a54dd6a51b4080489b3c9a47dd2b4c459dcb2879614b1779e
2026-09-30T13:53:50.349Z,HOOD,funding_differential,trade.xyz,113.370000,113.37,Bitget,113.570929,113.51,2500,64958.80,17.7233,-0.1468,15.0000,2.0000,0.0000,0.5764,1369,2026-09-30T13:36:54.763Z,opp_1ee737fa8660c7441a3206f2,sha256:6e92b0d2e72a688ef35470093b7353de82cf8d853a3b10235268c59f120ceedc
2026-09-30T13:53:50.349Z,HOOD,funding_differential,trade.xyz,113.470000,113.47,Bitget,113.667071,113.64,2500,43273.56,17.3677,-0.1468,15.0000,2.0000,0.0000,0.2209,976,2026-09-30T13:36:55.293Z,opp_36fe9358a99b28898e78d786,sha256:d86f576ea1061df2c40f4f931d22b5537e372f08e67128dfc300e906312c5892
2026-09-30T13:53:50.349Z,HOOD,funding_differential,trade.xyz,113.210000,113.21,Bitget,113.487795,113.39,2500,97248.72,24.5380,-0.1468,15.0000,2.0000,0.0000,7.3912,1975,2026-09-30T13:36:51.567Z,opp_3f0527710132444d90c40327,sha256:444549d96826d0975144b13baeb6e8d30f717a4245cd0d0944f232b12b95bcb7
2026-09-30T13:53:50.349Z,HOOD,perp_spread,trade.xyz,113.370000,113.37,Bitget,113.570929,113.51,2500,64958.80,17.7233,-0.1468,15.0000,2.0000,0.0000,0.5764,1369,2026-09-30T13:36:26.763Z,opp_609895d6bfd9b37c355b2532,sha256:560dffc60e7510b96d2568c13c3970eb3cb401191e573f98a6db65f592a4b301
2026-09-30T13:53:50.349Z,HOOD,funding_differential,trade.xyz,113.470000,113.47,Bitget,113.667071,113.64,2500,43273.56,17.3677,-0.1468,15.0000,2.0000,0.0000,0.2209,1149,2026-09-30T13:36:55.293Z,opp_61dae8f41d0cb2e9fa594cac,sha256:54ba64aacd106fffe7ec2e56df1198f0b2afe5fd8a2e3859a1cf5fb50e48855d
2026-09-30T13:53:50.349Z,HOOD,perp_spread,trade.xyz,113.210000,113.21,Bitget,113.487795,113.39,2500,97248.72,24.5380,-0.1468,15.0000,2.0000,0.0000,7.3912,1975,2026-09-30T13:36:23.567Z,opp_9828c4b3f9fe3adc374c720a,sha256:1c01a190e80426b2fe60bfe9f669efba2f108baa3cdd3a8a8f95b2396c675948
2026-09-30T13:53:50.349Z,HOOD,perp_spread,trade.xyz,113.470000,113.47,Bitget,113.667071,113.64,2500,43273.56,17.3677,-0.1468,15.0000,2.0000,0.0000,0.2209,976,2026-09-30T13:36:27.293Z,opp_9cd3f6b83a179de044ca8a2f,sha256:181402f5915b88e4a07c20613129888496ef25a16234c03525faf039865c4d56
2026-09-30T13:53:50.349Z,HOOD,perp_spread,trade.xyz,113.470000,113.47,Bitget,113.667071,113.64,2500,43273.56,17.3677,-0.1468,15.0000,2.0000,0.0000,0.2209,1149,2026-09-30T13:36:27.293Z,opp_eaac11267eeb93e8c1be8800,sha256:1e9397222728503b17fc794ec242cf93a5cf591be8dc52de0091116d6245cf90
2026-09-30T13:53:50.353Z,MSTR,perp_spread,trade.xyz,156.100000,156.1,Bitget,156.380692,156.36,2500,76277.98,17.9816,-0.0871,15.0000,2.0000,0.0000,0.8945,1978,2026-09-30T13:36:45.771Z,opp_03ddc7bb608d7c6f8852a9db,sha256:95bde73114c445dfd55f765d9bde68c630b044c6bf4434b6ca4c318435e31080
2026-09-30T13:53:50.355Z,META,perp_spread,trade.xyz,722.544512,722.55,Bitget,723.842203,723.79,2500,38780.90,17.9600,-0.0625,15.0000,2.0000,0.0000,0.8975,1520,2026-09-30T13:37:08.033Z,opp_5dd7bdbfb08083cbd4d981e9,sha256:ccdfe0cfeac5af3e73c21ce560a914f6bca0ab5706bbcaef2858cb638f9c1f21
2026-09-30T13:53:50.358Z,HOOD,perp_spread,trade.xyz,114.030036,114.16,Bitget,114.472030,114.41,2500,16063.90,38.7612,-0.1366,15.0000,2.0000,0.0000,21.6246,1613,2026-09-30T13:37:17.779Z,opp_248df36fd265897bc6b6f2d6,sha256:4b00e76a2989ee8cfaf95f708c35b9e642c4b3ba5d491cb61255a293213891f6
2026-09-30T13:53:50.358Z,HOOD,perp_spread,trade.xyz,114.030036,114.16,Bitget,114.316921,114.16,2500,16063.90,25.1587,-0.1366,15.0000,2.0000,0.0000,8.0221,952,2026-09-30T13:37:17.779Z,opp_2fc9a7926dc316044ad858cb,sha256:fb2667d0f9e8de3c26121ba6f03651790de0375a9634220999bb41a3e7bb2f69
2026-09-30T13:53:50.358Z,HOOD,perp_spread,trade.xyz,113.970000,113.97,Bitget,114.248694,114.21,2500,68222.63,24.4533,-0.1366,15.0000,2.0000,0.0000,7.3166,852,2026-09-30T13:37:17.247Z,opp_406f82124e3bb6c7dd9a315b,sha256:d7682061c1d771ec4b0a172e1eb887dd638f86178753f7f612dbd1f507154187
2026-09-30T13:53:50.358Z,MSTR,funding_differential,trade.xyz,156.060000,156.06,Bitget,156.340768,156.32,2500,18990.15,17.9910,-0.0914,15.0000,2.0000,0.0000,0.8997,1112,2026-09-30T13:37:45.779Z,opp_598f37801fb4ad56f9705ee6,sha256:a047133c684490947f5d4e345a1014a6a0953ddf4d668c05b2e634c994d6a734
2026-09-30T13:53:50.358Z,HOOD,funding_differential,trade.xyz,113.970000,113.97,Bitget,114.248694,114.21,2500,68222.63,24.4533,-0.1366,15.0000,2.0000,0.0000,7.3166,852,2026-09-30T13:37:45.247Z,opp_747e4ef5caf0363eb6516dfe,sha256:8477c2d955bd11d56eeb2eaba8cf695a5198666a68a08b9dadfcdae972e933ac
2026-09-30T13:53:50.358Z,MSTR,perp_spread,trade.xyz,156.060000,156.06,Bitget,156.340768,156.32,2500,18990.15,17.9910,-0.0914,15.0000,2.0000,0.0000,0.8997,1112,2026-09-30T13:37:17.779Z,opp_76c42488645d49c2795aab0d,sha256:b8dd694ec92faabe9a400d5f31b4aec6ee5edc6b8f5a1e2a14faa67dfcf01ca5
2026-09-30T13:53:50.358Z,MSTR,perp_spread,trade.xyz,156.060000,156.06,Bitget,156.340768,156.32,2500,18990.15,17.9910,-0.0914,15.0000,2.0000,0.0000,0.8997,1307,2026-09-30T13:37:17.779Z,opp_81eff3090fa5aeecee2a6331,sha256:d6a0a25064335b9d05596af28ba3685b0a6b0536d5be4b0478c5b24559c2176f
2026-09-30T13:55:00.348Z,MSTR,perp_spread,trade.xyz,156.060000,156.06,Bitget,156.343877,156.33,2500,43067.62,18.1903,-0.0914,15.0000,2.0000,0.0000,1.0989,1186,2026-09-30T13:37:32.328Z,opp_3f3002b9e9cafd1180556ee8,sha256:48c006b7e9a96f3788d4a9fbe2ed09044332cee425d0cd57cd7cdba9b6e060c3
2026-09-30T13:55:00.348Z,MSTR,funding_differential,trade.xyz,156.060000,156.06,Bitget,156.343877,156.33,2500,43067.62,18.1903,-0.0914,15.0000,2.0000,0.0000,1.0989,1186,2026-09-30T13:38:00.328Z,opp_4ead13482f03257f5bf67313,sha256:a128789c6b254d659b31a6890a955f2b77ae9f6e6e6a47795c458c84206918ea
2026-09-30T13:55:00.348Z,MSTR,perp_spread,trade.xyz,156.060000,156.06,Bitget,156.343877,156.33,2500,43067.62,18.1903,-0.0914,15.0000,2.0000,0.0000,1.0989,1501,2026-09-30T13:37:32.328Z,opp_803def89010bf879cf12af3c,sha256:ecf2e664a6b90d1221f9a0bf9bf540ca08d572babc2a5f9a76c291a140bdc5e3
2026-09-30T13:55:00.356Z,MSTR,perp_spread,trade.xyz,156.510000,156.51,Bitget,156.795162,156.79,2500,123957.14,18.2200,-0.0914,15.0000,2.0000,0.0000,1.1286,899,2026-09-30T13:37:46.927Z,opp_a8ef9e00f345ca45624457d8,sha256:ce1dcfb574c88a1524b953cc5d4c30b13ac274eae4e6159d3b9a9f552d379a5f
2026-09-30T13:55:00.356Z,MSTR,funding_differential,trade.xyz,156.510000,156.51,Bitget,156.795162,156.79,2500,123957.14,18.2200,-0.0914,15.0000,2.0000,0.0000,1.1286,899,2026-09-30T13:38:14.927Z,opp_ae1c42c49c90f9c2db4f9b1b,sha256:b0a6086247c489cd4b383eb8857009beb082db68f510e2179d5becba3665c2e7
2026-09-30T13:55:00.382Z,MSTR,perp_spread,trade.xyz,156.000000,156,Bitget,156.300797,156.29,2500,47177.85,19.2819,-0.0963,15.0000,2.0000,0.0000,2.1856,1748,2026-09-30T13:38:08.875Z,opp_b1649ba83c0f197e2c959348,sha256:cae59b83a67a01411a8b88ea63f894c93f00fa67e296d0b19e493b336ecfa011
2026-09-30T13:55:00.388Z,MSTR,perp_spread,trade.xyz,156.171491,156.18,Bitget,156.478487,156.47,2500,14895.57,19.6577,-0.0963,15.0000,2.0000,0.0000,2.5614,1352,2026-09-30T13:38:14.260Z,opp_83611d197f754859e32e288f,sha256:58f9e25b124f8d746ced63401869d57a01fb555183a47ab7e1bb1b786d373b63
2026-09-30T13:55:00.388Z,MSTR,perp_spread,trade.xyz,156.171491,156.18,Bitget,156.626400,156.59,2500,14895.57,29.1288,-0.0963,15.0000,2.0000,0.0000,12.0325,1714,2026-09-30T13:38:14.260Z,opp_88aa53982d4fa0548a6cb794,sha256:675b3d338e01d6607ed11bafc6fd2c110b180a5b3a9533f2db9036dec257bafe
2026-09-30T13:55:00.388Z,HOOD,perp_spread,trade.xyz,114.060000,114.06,Bitget,114.427130,114.38,2500,46749.35,32.1875,-0.1292,15.0000,2.0000,0.0000,15.0582,1507,2026-09-30T13:38:14.822Z,opp_9ad1d5b2b26083ec9bd71dbc,sha256:234502551ae4df093b74e19d7148da5c9c26b7af722a7590fd8169cad7365f5a
2026-09-30T13:55:00.390Z,META,perp_spread,trade.xyz,726.650000,726.65,Bitget,728.200714,728.12,2500,78261.83,21.3406,-0.0625,15.0000,2.0000,0.0000,4.2781,1803,2026-09-30T13:38:30.518Z,opp_775104c5bd7e5acb81924639,sha256:f4aa26122842059a707cdf2558ddebf601c8b77eee770d559158d2d112092113
2026-09-30T13:55:00.390Z,HOOD,funding_differential,trade.xyz,114.340000,114.34,Bitget,114.573299,114.5,2500,81374.22,20.4040,-0.1292,15.0000,2.0000,0.0000,3.2748,1591,2026-09-30T13:38:55.824Z,opp_ce31c5b3351f48763d5a568e,sha256:82eb93b22b0107a6619b511b8dcf6394436b84886d9913030eb9dea1e4582a17
2026-09-30T13:55:00.390Z,HOOD,perp_spread,trade.xyz,114.340000,114.34,Bitget,114.573299,114.5,2500,81374.22,20.4040,-0.1292,15.0000,2.0000,0.0000,3.2748,1591,2026-09-30T13:38:27.824Z,opp_fa9059a7e4700b368c695924,sha256:c98e629137d4e8311a9eec879261864a15ed067e2e693a222cb71d3a285aeadd
2026-09-30T13:55:00.404Z,HOOD,perp_spread,trade.xyz,115.040000,115.04,Bitget,115.237720,115.2,2500,59403.20,17.1870,-0.1292,15.0000,2.0000,0.0000,0.0578,1070,2026-09-30T13:38:40.193Z,opp_f569e12b29750a81c6a2122c,sha256:2e2ceda0f4d102aa4b20b14354112ca75c200f8bcbcd9aafff23826c4c3bf89f
2026-09-30T13:55:00.404Z,HOOD,funding_differential,trade.xyz,115.040000,115.04,Bitget,115.237720,115.2,2500,59403.20,17.1870,-0.1292,15.0000,2.0000,0.0000,0.0578,1070,2026-09-30T13:39:08.193Z,opp_fb7b349a44fd893cacf4e82a,sha256:a7d0513ad1a0978ae02dc02645353dda00970c34b284ddc8c82132e304679f35
2026-09-30T13:56:03.388Z,HOOD,perp_spread,trade.xyz,115.350000,115.35,Bitget,115.548430,115.54,2500,24340.61,17.2025,-0.1355,15.0000,2.0000,0.0000,0.0669,1428,2026-09-30T13:39:49.787Z,opp_1dfd8c233083b66892da200c,sha256:e3f6ce5a2cf9558ce6dd64c10cb9b0b4f12d12e5e9813b961392162ba6789343
2026-09-30T13:56:03.388Z,HOOD,perp_spread,trade.xyz,115.937999,115.95,Bitget,116.227409,116.09,2500,38533.57,24.9624,-0.1355,15.0000,2.0000,0.0000,7.8269,1259,2026-09-30T13:39:55.551Z,opp_cb341cb69c5c29b82dfd9de0,sha256:05949a6149239843c5cb0eeb095136b3705e8e91ebd03f8e46d959a0f1d0ffca
2026-09-30T13:56:03.389Z,MSTR,perp_spread,trade.xyz,156.290000,156.29,Bitget,156.577357,156.55,2500,40148.31,18.3862,-0.0970,15.0000,2.0000,0.0000,1.2892,1728,2026-09-30T13:39:58.313Z,opp_46e2d823e3b9d8caa402fe7c,sha256:5ba47e803a992f156571af79473f75e861f9b57850a40b01fbcbb25d6087adce
2026-09-30T13:57:25.876Z,MSTR,perp_spread,trade.xyz,155.480000,155.48,Bitget,155.768848,155.75,2500,93682.33,18.5778,-0.0942,15.0000,2.0000,0.0000,1.4836,1168,2026-09-30T13:41:26.522Z,opp_2806a7247af03578462838d6,sha256:b6c77199fef55c9b9db003b434a84159c90e6312c743bc0a1b592dcf6e477d66
2026-09-30T13:57:25.884Z,MSTR,funding_differential,trade.xyz,156.320000,156.32,Bitget,156.587955,156.58,2500,64737.49,17.1414,-0.0964,15.0000,2.0000,0.0000,0.0450,1477,2026-09-30T13:43:08.285Z,opp_12146a317968f4b6a56e0e1f,sha256:e7355856243cd9fbfaa7352846b6495f7ea653987237188fa3ea752fc9cb43bc
2026-09-30T13:57:25.884Z,MSTR,perp_spread,trade.xyz,156.320000,156.32,Bitget,156.650828,156.63,2500,31539.58,21.1635,-0.0964,15.0000,2.0000,0.0000,4.0671,1954,2026-09-30T13:42:40.815Z,opp_158f1c7c4710590c326f6a0c,sha256:fbe3c2340a1ed87cdb77c65db312cffb110a26a437ea9f867cf5d616948b8c55
2026-09-30T13:57:25.884Z,MSTR,funding_differential,trade.xyz,156.320000,156.32,Bitget,156.587955,156.58,2500,64737.49,17.1414,-0.0964,15.0000,2.0000,0.0000,0.0450,1279,2026-09-30T13:43:08.285Z,opp_18e9a652ce9b3a861fa13f63,sha256:909b6b628b55abc9f67f71c31928d934b51dde781c2e41e6bfa91c49cd8bae87
2026-09-30T13:57:25.884Z,MSTR,perp_spread,trade.xyz,156.320000,156.32,Bitget,156.587955,156.58,2500,64737.49,17.1414,-0.0964,15.0000,2.0000,0.0000,0.0450,1279,2026-09-30T13:42:40.285Z,opp_3e3edc29087be23dd677a4c0,sha256:0993ee46d910630159238f0fcdd6b4b4fdd33ab957d871e92ac94bedfb54614b
2026-09-30T13:57:25.884Z,MSTR,perp_spread,trade.xyz,156.320000,156.32,Bitget,156.587955,156.58,2500,64737.49,17.1414,-0.0964,15.0000,2.0000,0.0000,0.0450,1477,2026-09-30T13:42:40.285Z,opp_ae651dcf21ec9061b3c14764,sha256:496e98de59012af969fc60cfda64f4c22b4a78aa9bb55bf557c2ebdd36c9b8bc
2026-09-30T13:57:25.885Z,MSTR,funding_differential,trade.xyz,156.677493,156.74,Bitget,156.963067,156.94,2500,5691.80,18.2269,-0.0964,15.0000,2.0000,0.0000,1.1305,1694,2026-09-30T13:43:19.656Z,opp_585b6f1cb914093e6f5da87a,sha256:c126bd1668563e384aa639b73d5644c8c149a357f6135955f5eaa1c49fe1d180
2026-09-30T13:57:25.885Z,MSTR,perp_spread,trade.xyz,156.677493,156.74,Bitget,156.963067,156.94,2500,5691.80,18.2269,-0.0964,15.0000,2.0000,0.0000,1.1305,1694,2026-09-30T13:42:51.656Z,opp_a395c9e19434fe9f76f9ae31,sha256:7685ac33bb8cccc4a6ffcd762e3d1ed96cfb605998fc427c1dbf027d870dcd63
2026-09-30T13:58:06.961Z,MSTR,funding_differential,trade.xyz,156.750000,156.75,Bitget,157.018660,157,2500,78395.10,17.1394,-0.0987,15.0000,2.0000,0.0000,0.0407,1716,2026-09-30T13:44:11.045Z,opp_c6f435def250992b1c3ee89a,sha256:cb614b7c0031b3e0dd06ad00f2a599870b139e206c6e9884f4ab33852f9cb8d5
2026-09-30T13:58:06.961Z,MSTR,perp_spread,trade.xyz,156.750000,156.75,Bitget,157.018660,157,2500,78395.10,17.1394,-0.0987,15.0000,2.0000,0.0000,0.0407,1716,2026-09-30T13:43:43.045Z,opp_cfd5478f932a731781c922e7,sha256:229c6c3905f37e829fd14f2692cb8745cdfb194fee176146ab0db09f111c62d0
2026-09-30T13:58:06.974Z,MSTR,funding_differential,trade.xyz,156.821061,156.83,Bitget,157.097545,157.08,2500,58073.71,17.6305,-0.0987,15.0000,2.0000,0.0000,0.5318,874,2026-09-30T13:44:22.974Z,opp_7b6d0c5f1df84de94e96db2a,sha256:dfc4c543fcff7501c361af9d3d7b699afd3c95631521f013d2e6555ffa9ea45b
2026-09-30T13:58:06.974Z,MSTR,funding_differential,trade.xyz,156.955982,157.06,Bitget,157.245600,157.22,2500,2505.18,18.4521,-0.0987,15.0000,2.0000,0.0000,1.3534,866,2026-09-30T13:44:23.505Z,opp_7c23f57d265335426681c675,sha256:a9b3b7042f8180b425275ebed7c3442909f0557bc115c3133a889cabcbc08ff2
2026-09-30T13:58:06.974Z,MSTR,perp_spread,trade.xyz,156.821061,156.83,Bitget,157.097545,157.08,2500,58073.71,17.6305,-0.0987,15.0000,2.0000,0.0000,0.5318,874,2026-09-30T13:43:54.974Z,opp_829ff3dceff576d246207297,sha256:d96ca809f4ff40c92f3fedfad55dbfefd731eef6c42b0d0d1e30b6b62ca3baad
2026-09-30T13:58:06.974Z,MSTR,perp_spread,trade.xyz,156.821061,156.83,Bitget,157.245600,157.22,2500,58073.71,27.0715,-0.0987,15.0000,2.0000,0.0000,9.9728,1147,2026-09-30T13:43:54.974Z,opp_edb32cd7dc94a1df4f4a6bcf,sha256:568e8f8a1dcb1ad21a79c8d2c01b7291955c59f14b39abf1143c31f766d29671
2026-09-30T13:58:06.974Z,MSTR,perp_spread,trade.xyz,156.955982,157.06,Bitget,157.245600,157.22,2500,2505.18,18.4521,-0.0987,15.0000,2.0000,0.0000,1.3534,866,2026-09-30T13:43:55.505Z,opp_f0252bb3a5ec8db520545c9d,sha256:f4a82ee1e73907c6897599201f0a3d039e78cbf8d3ddb008436ad4ebc153c3bd
2026-09-30T13:59:25.735Z,HOOD,perp_spread,Bitget,114.943218,115.02,trade.xyz,115.210000,115.21,2500,58492.62,23.2099,0.1299,15.0000,2.0000,0.0000,6.3398,1592,2026-09-30T13:45:48.623Z,opp_c3414ed75af931b121c4bdf4,sha256:41bc5ac1ee7a3b74141f71933fc8df2d8b154c49f36c62793f1d59b23b16dcfc
2026-09-30T13:59:25.735Z,HOOD,funding_differential,Bitget,114.943218,115.02,trade.xyz,115.210000,115.21,2500,58492.62,23.2099,0.1299,15.0000,2.0000,0.0000,6.3398,1592,2026-09-30T13:46:16.623Z,opp_cb8dbf3b4ba14c57f295e003,sha256:9ded25e93a48f29ae695a1b0cf643d867ded8122e0f37b6e3672bc9b908973db
2026-09-30T14:04:02.675Z,META,perp_spread,trade.xyz,732.069385,732.07,Bitget,733.365364,733.28,2500,27871.71,17.7029,-0.0625,15.0000,2.0000,0.0000,0.6404,1123,2026-09-30T13:58:14.216Z,opp_d8c32a9ed7feaf636e91bc21,sha256:be60ecaed7ebacc3c3ff98a2feb880d57daf6d6f509b96143ec62f3cb5157cfb
2026-09-30T14:04:02.675Z,META,funding_differential,trade.xyz,732.069385,732.07,Bitget,733.365364,733.28,2500,27871.71,17.7029,-0.0625,15.0000,2.0000,0.0000,0.6404,1123,2026-09-30T13:58:42.216Z,opp_e44397a9978985e65706d19d,sha256:88ba657862362c389509b527dfddf835d1effddf939d9a05d7f51716786622d5
2026-09-30T14:04:02.676Z,META,funding_differential,trade.xyz,732.069385,732.07,Bitget,733.473621,733.38,2500,39291.09,19.1817,-0.0625,15.0000,2.0000,0.0000,2.1192,1638,2026-09-30T13:58:42.216Z,opp_b6aea99f777b567b8dc7ad1a,sha256:5f7b408db7ffa5820f04510dc065184f8b78d3fd5d19b12d11886211097a092f
2026-09-30T14:04:02.676Z,META,perp_spread,trade.xyz,732.069385,732.07,Bitget,733.473621,733.38,2500,39291.09,19.1817,-0.0625,15.0000,2.0000,0.0000,2.1192,1638,2026-09-30T13:58:14.216Z,opp_f75c307d463ec5595149515a,sha256:6578fc58ecb7e3ec3cfc03bab65104246705f211c1344247411f6883d94fb19c
2026-09-30T14:06:27.796Z,HOOD,funding_differential,trade.xyz,115.510000,115.51,Bitget,115.720433,115.68,2500,54977.06,18.2177,-0.3378,15.0000,2.0000,0.0000,0.8799,1741,2026-09-30T14:06:33.871Z,opp_0b83f744c459fa32de2d07d1,sha256:106e85b28aa07d75447301a72032ecdbcbc87462b1dbf320dab1bf8109961ab7
2026-09-30T14:06:27.796Z,HOOD,perp_spread,trade.xyz,115.510000,115.51,Bitget,115.720433,115.68,2500,54977.06,18.2177,-0.3378,15.0000,2.0000,0.0000,0.8799,1741,2026-09-30T14:06:05.871Z,opp_fd597c54dbbf970ce054ad51,sha256:fcef2b724c597e9ea6dca12aa7dc95f2fc069f3bd06e1d3121da473ee3397a82
2026-09-30T14:06:27.797Z,MSFT,perp_spread,trade.xyz,518.290000,518.29,Bitget,519.173336,519.07,2500,50372.05,17.0433,-0.0039,15.0000,2.0000,0.0000,0.0394,1215,2026-09-30T14:06:13.457Z,opp_04f969734bf48ea58fe9b5ef,sha256:1e160b9c8ce83807f7dccbed1a1c0f86856bedb04c82a4087692ff3b3f2b3e16
2026-09-30T14:06:27.797Z,MSFT,perp_spread,trade.xyz,518.290000,518.29,Bitget,519.173336,519.07,2500,50372.05,17.0433,-0.0039,15.0000,2.0000,0.0000,0.0394,907,2026-09-30T14:06:13.457Z,opp_9d5ac97aea0e6c9482234cc4,sha256:cdf6ab46bacea519034532aabfa63252d498fede7c8b5526e90b1dc95b78ca1f
2026-09-30T14:12:49.443Z,HOOD,funding_differential,trade.xyz,115.090000,115.09,Bitget,115.297813,115.26,2500,75047.45,18.0566,-0.1666,15.0000,2.0000,0.0000,0.8899,1188,2026-09-30T14:13:13.566Z,opp_b77a59313ad97c6d6647ac7b,sha256:dafa1da85e27f2dfe0e5bf78cb4d4f98816966dfaec58067c428720136743a7e
2026-09-30T14:12:49.443Z,HOOD,perp_spread,trade.xyz,115.090000,115.09,Bitget,115.297813,115.26,2500,75047.45,18.0566,-0.1666,15.0000,2.0000,0.0000,0.8899,1188,2026-09-30T14:12:45.566Z,opp_c82cb8972c5252e7cc5df731,sha256:0d51d2669ef429ecf4dfe091da6d5d80f8d4d0b8c47c99a0b71c094e0ea9a9b8
2026-09-30T14:24:23.402Z,HOOD,perp_spread,trade.xyz,114.275991,114.31,Bitget,114.479201,114.4,2500,28764.70,17.7824,-0.1433,15.0000,2.0000,0.0000,0.6391,881,2026-09-30T14:24:01.084Z,opp_a9d2e899dc47b013b806be84,sha256:2928e867de753e5822bab0133ff6b794d338cb96be12fe10d8210be52188c148
2026-09-30T14:24:23.402Z,HOOD,funding_differential,trade.xyz,114.275991,114.31,Bitget,114.479201,114.4,2500,28764.70,17.7824,-0.1433,15.0000,2.0000,0.0000,0.6391,881,2026-09-30T14:24:29.084Z,opp_e57a641c5a6a9d611edddd6f,sha256:12cfc858e0fa665f3050a1b81a8eeb1c04cafe1340b49e1ef05f1e88e5d0c64a
2026-09-30T14:24:56.427Z,MSTR,perp_spread,trade.xyz,153.710000,153.71,Bitget,153.997835,153.99,2500,137080.17,18.7259,-0.2700,15.0000,2.0000,0.0000,1.4559,1128,2026-09-30T14:24:40.252Z,opp_822904d503ab33b55d54197b,sha256:ef74b9799efec5d4ba3e01cb60989205e55a560f0626d2f664d53d809517e3e8
2026-09-30T14:24:56.427Z,MSTR,perp_spread,trade.xyz,153.680000,153.68,Bitget,153.959054,153.94,2500,79458.74,18.1581,-0.2700,15.0000,2.0000,0.0000,0.8882,1089,2026-09-30T14:24:39.650Z,opp_d87e2c18ba38f4ad27f10125,sha256:a06026d59e4727133e7ac8605651f9e5a60a65bad2271ebb292fda89bfba2368
2026-09-30T14:25:58.625Z,MSTR,perp_spread,trade.xyz,154.050000,154.05,Bitget,154.416949,154.39,2500,81666.92,23.8201,-0.2768,15.0000,2.0000,0.0000,6.5433,1074,2026-09-30T14:25:46.264Z,opp_6c971d02679ec8b4e6022221,sha256:7c243386453f3ba54977459653feb8159f90b18105838f67a59c301b08091784
2026-09-30T14:25:58.625Z,MSTR,perp_spread,trade.xyz,154.050000,154.05,Bitget,154.370945,154.37,2500,108914.46,20.8338,-0.2768,15.0000,2.0000,0.0000,3.5570,979,2026-09-30T14:25:45.751Z,opp_863e18ecbf6128e5b5bcdbe3,sha256:43dd24fbda4da0282675b8a35e22abd520caf528e878c68f27c1a54e61fb5abb
2026-09-30T14:25:58.625Z,MSTR,funding_differential,trade.xyz,154.050000,154.05,Bitget,154.416949,154.39,2500,81666.92,23.8201,-0.2768,15.0000,2.0000,0.0000,6.5433,1074,2026-09-30T14:26:14.264Z,opp_af4f8badd1d2d8a66b777cca,sha256:a08e9005626d57ca287d6751191f4e071308082032598eebf0bac6697373cd0f
2026-09-30T14:25:58.625Z,MSTR,funding_differential,trade.xyz,154.050000,154.05,Bitget,154.370945,154.37,2500,108914.46,20.8338,-0.2768,15.0000,2.0000,0.0000,3.5570,979,2026-09-30T14:26:13.751Z,opp_b8f94a2a2878ce2f0e9fc3d0,sha256:a20672c79bd87b6e98e400953f8f11509ee274f6dfe35736789170fbe818fca8
2026-09-30T14:26:57.208Z,MSTR,funding_differential,trade.xyz,154.200000,154.2,Bitget,154.468897,154.46,2500,85037.90,17.4382,-0.2785,15.0000,2.0000,0.0000,0.1597,1055,2026-09-30T14:27:22.401Z,opp_793a215b0c8d2a68d48a2c10,sha256:99b22d2333e0b08969caa63dbc33fa366f52fe6bab43ece9f063beeeb5fa413a
2026-09-30T14:26:57.208Z,MSTR,perp_spread,trade.xyz,154.200000,154.2,Bitget,154.468897,154.46,2500,85037.90,17.4382,-0.2785,15.0000,2.0000,0.0000,0.1597,1055,2026-09-30T14:26:54.401Z,opp_da9723195d9d30a6b3173145,sha256:50e59056834477b038980f83194f226ebd0515ae84f4d6a6118c0ef044cf306e
2026-09-30T14:37:47.170Z,COIN,perp_spread,trade.xyz,185.510000,185.51,Bitget,185.947919,185.89,2500,42644.84,23.6062,-0.1984,15.0000,2.0000,0.0000,6.4079,932,2026-09-30T14:37:41.967Z,opp_490e1c837c98cf03ea78381c,sha256:b78b35e73d0b16e6e64f8e7b2978168a7d00e1d5306564bc082ec9b4c964a4d5
2026-09-30T14:37:47.170Z,COIN,funding_differential,trade.xyz,185.510000,185.51,Bitget,185.947919,185.89,2500,42644.84,23.6062,-0.1984,15.0000,2.0000,0.0000,6.4079,932,2026-09-30T14:38:09.967Z,opp_85d1f415b62833579072237d,sha256:74af180c0be767596da1e81bbda8a0a46f6a060e18b197b1ca57898903ed72b0
2026-09-30T14:37:47.171Z,COIN,perp_spread,trade.xyz,185.521999,185.53,Bitget,185.974052,185.96,2500,39293.75,24.3666,-0.1984,15.0000,2.0000,0.0000,7.1682,1444,2026-09-30T14:37:42.499Z,opp_0a4208a5f65f7d49e83bd2ad,sha256:ccb87411222f9687dceada93e819edf6a38f04ebcbfd320deab2de7c0821bef1
2026-09-30T14:37:47.171Z,COIN,perp_spread,trade.xyz,185.521999,185.53,Bitget,185.947919,185.89,2500,39293.75,22.9579,-0.1984,15.0000,2.0000,0.0000,5.7596,543,2026-09-30T14:37:42.499Z,opp_57115927556361574fe22d6d,sha256:21c0d87b43516097775a85e26dc2c0b0b5a17684477bf2307d640eec8aeb39a6
2026-09-30T14:37:47.171Z,COIN,funding_differential,trade.xyz,185.521999,185.53,Bitget,185.994550,185.96,2500,39293.75,25.4715,-0.1984,15.0000,2.0000,0.0000,8.2731,1077,2026-09-30T14:38:10.499Z,opp_67423377ab65e831641324e3,sha256:3c42b2afcb96c679c4bcb5c47f09a208ba6ffea2f816ec3f1b9e4073ca987c91
2026-09-30T14:37:47.171Z,COIN,funding_differential,trade.xyz,185.521999,185.53,Bitget,185.974052,185.96,2500,39293.75,24.3666,-0.1984,15.0000,2.0000,0.0000,7.1682,1444,2026-09-30T14:38:10.499Z,opp_6c45023863d64f237c439779,sha256:d87d9bee49567b72848162f446d80fcef81c84992fd4bcee98c3a2590522ea7b
2026-09-30T14:37:47.171Z,COIN,perp_spread,trade.xyz,185.521999,185.53,Bitget,185.937046,185.9,2500,39293.75,22.3719,-0.1984,15.0000,2.0000,0.0000,5.1735,1986,2026-09-30T14:37:42.499Z,opp_7291d0d42708ab5e443e438e,sha256:9fe995fb06f98ef8e83ee382f4114498d9a8670b6c4a01bf749cfb405ccde85b
2026-09-30T14:37:47.171Z,COIN,funding_differential,trade.xyz,185.521999,185.53,Bitget,185.947919,185.89,2500,39293.75,22.9579,-0.1984,15.0000,2.0000,0.0000,5.7596,543,2026-09-30T14:38:10.499Z,opp_813cdb2b6acb8637401034d5,sha256:91a5d7ab44631def1ccbdaedaa5fbd355194c91457729badb638eeb5d21b9a6a
2026-09-30T14:37:47.171Z,COIN,funding_differential,trade.xyz,185.521999,185.53,Bitget,185.937046,185.9,2500,39293.75,22.3719,-0.1984,15.0000,2.0000,0.0000,5.1735,1986,2026-09-30T14:38:10.499Z,opp_d0b6bbf19313b696ed78f9a8,sha256:fe4f621b2eae8eb4726080829be90d2efd1a52ba2a4d5aefeeeb75a07ea58d34
2026-09-30T14:37:47.171Z,COIN,perp_spread,trade.xyz,185.521999,185.53,Bitget,185.994550,185.96,2500,39293.75,25.4715,-0.1984,15.0000,2.0000,0.0000,8.2731,1077,2026-09-30T14:37:42.499Z,opp_e5bd8d38131265ca6e9332c7,sha256:0f45bd89d6cef981e2d41618ef2dfb748bb8736ee0e7b1b12f469435b5842cab
2026-09-30T14:38:47.362Z,HOOD,funding_differential,trade.xyz,114.380000,114.38,Bitget,114.612454,114.58,2500,114070.91,20.3229,-0.1419,15.0000,2.0000,0.0000,3.1810,1263,2026-09-30T14:39:00.091Z,opp_1ce27e74a9acaff0185e5b04,sha256:5fe2a63769d5721c46dec893bdfc9d56eada918c0d83bd43abeb142d76ab1c08
2026-09-30T14:38:47.362Z,HOOD,perp_spread,trade.xyz,114.440000,114.44,Bitget,114.638140,114.62,2500,116012.04,17.3139,-0.1419,15.0000,2.0000,0.0000,0.1720,1450,2026-09-30T14:38:32.626Z,opp_2f1094a9c7706c161e7b26bd,sha256:431fb03bffd7509f71514142acc84d93447007e988be69b3e1dae4fe1b681542
2026-09-30T14:38:47.362Z,HOOD,funding_differential,trade.xyz,114.380000,114.38,Bitget,114.627281,114.61,2500,114070.91,21.6193,-0.1419,15.0000,2.0000,0.0000,4.4774,1448,2026-09-30T14:39:00.091Z,opp_5170e757221942390d2eede0,sha256:b929322fee11ea02d4ee9e92a1769bc0131cff5375a34d4a0f98eb6c5a9893bd
2026-09-30T14:38:47.362Z,HOOD,perp_spread,trade.xyz,114.380000,114.38,Bitget,114.627281,114.61,2500,114070.91,21.6193,-0.1419,15.0000,2.0000,0.0000,4.4774,1448,2026-09-30T14:38:32.091Z,opp_7262274e729cc02179927b46,sha256:bd5931f513c3e0cb0b1a87d556aaf486ac675e1b043a34a9fa8d7fc5c0cd7332
2026-09-30T14:38:47.362Z,MSTR,funding_differential,trade.xyz,153.210000,153.21,Bitget,153.520000,153.52,2500,54029.93,20.2337,-0.2701,15.0000,2.0000,0.0000,2.9635,1500,2026-09-30T14:39:00.626Z,opp_7db5ba9b9713f48b3a7e2e65,sha256:aca7c85945af6b096705b85d3f2834c0cf42f447ee7de676bbb4bb217ae46cce
2026-09-30T14:38:47.362Z,MSTR,funding_differential,trade.xyz,153.200000,153.2,Bitget,153.490646,153.48,2500,73873.05,18.9717,-0.2701,15.0000,2.0000,0.0000,1.7015,1489,2026-09-30T14:39:00.091Z,opp_a216af15121d482677d342a1,sha256:7782735ce9f750abd60e3e3dda3acc32e41a2eca55e143514ed28d0c0095a990
2026-09-30T14:38:47.362Z,MSTR,perp_spread,trade.xyz,153.210000,153.21,Bitget,153.520000,153.52,2500,54029.93,20.2337,-0.2701,15.0000,2.0000,0.0000,2.9635,1500,2026-09-30T14:38:32.626Z,opp_a365c5378278908474953920,sha256:bdbacbc51ebaee90f0a40126e6a8397beabdddfa08baebdbe3d254b52090141c
2026-09-30T14:38:47.362Z,HOOD,funding_differential,trade.xyz,114.380000,114.38,Bitget,114.638140,114.62,2500,114070.91,22.5687,-0.1419,15.0000,2.0000,0.0000,5.4268,1870,2026-09-30T14:39:00.091Z,opp_a7f118e298716d7d098433bd,sha256:df0f167ab2a47bae1d380ca876f7ea4d48f6c7e1f5505f03cf4564a382dfc26a
2026-09-30T14:38:47.362Z,HOOD,perp_spread,trade.xyz,114.380000,114.38,Bitget,114.612454,114.58,2500,114070.91,20.3229,-0.1419,15.0000,2.0000,0.0000,3.1810,1263,2026-09-30T14:38:32.091Z,opp_cdfed08d55a4c3e872730fd4,sha256:0cdaf3bc1605a241b5a4c1c6c0e1cf7db36576ce513e3554641cbc3debffaa19
2026-09-30T14:38:47.362Z,MSTR,perp_spread,trade.xyz,153.200000,153.2,Bitget,153.490646,153.48,2500,73873.05,18.9717,-0.2701,15.0000,2.0000,0.0000,1.7015,1489,2026-09-30T14:38:32.091Z,opp_d8e4657b6710b22d2a46ace6,sha256:46a9a1385c44e33ad56877088bdf8943a496e58978d7ebf846eca963c8e5313e
2026-09-30T14:38:47.362Z,HOOD,funding_differential,trade.xyz,114.440000,114.44,Bitget,114.638140,114.62,2500,116012.04,17.3139,-0.1419,15.0000,2.0000,0.0000,0.1720,1450,2026-09-30T14:39:00.626Z,opp_e2335b3c89c8751757b0d5bd,sha256:3851176b25d2088105d28cc0f446e5cb5361d6186e2733a98a6f35f773524517
2026-09-30T14:38:47.362Z,HOOD,perp_spread,trade.xyz,114.380000,114.38,Bitget,114.638140,114.62,2500,114070.91,22.5687,-0.1419,15.0000,2.0000,0.0000,5.4268,1870,2026-09-30T14:38:32.091Z,opp_e599280dadf13d7643690479,sha256:3301c4eb482fa08155654018f8cb7fd3bd6e66bba79db6fe303591312c7f35ee
2026-09-30T14:38:47.363Z,MSTR,perp_spread,trade.xyz,153.210000,153.21,Bitget,153.492858,153.47,2500,54029.93,18.4621,-0.2701,15.0000,2.0000,0.0000,1.1920,1833,2026-09-30T14:38:32.626Z,opp_5b11b4ae2768aad76480c6d2,sha256:00310a998f9de6e3be43ab029ccb3ee0a43b62a1583b5ab69df3e8bd5f3b6949
2026-09-30T14:38:47.363Z,MSTR,funding_differential,trade.xyz,153.210000,153.21,Bitget,153.492858,153.47,2500,54029.93,18.4621,-0.2701,15.0000,2.0000,0.0000,1.1920,1833,2026-09-30T14:39:00.626Z,opp_6933a0c373146a84c6452501,sha256:415f573a3216c6c810c2797bbd874f88048c31a36fb64deb0e3fe09805abcd8d
2026-09-30T14:41:35.129Z,MSTR,perp_spread,trade.xyz,152.610000,152.61,Bitget,152.886591,152.87,2500,69322.65,18.1241,-0.2744,15.0000,2.0000,0.0000,0.8497,1500,2026-09-30T14:41:28.799Z,opp_0891cd133ce941e07433961c,sha256:5daf21fa429a94cafbbd096e217e031f77d4bd9d18e71297c7d32f4e8cafe78c
2026-09-30T14:41:35.129Z,MSTR,funding_differential,trade.xyz,152.610000,152.61,Bitget,152.886591,152.87,2500,69322.65,18.1241,-0.2744,15.0000,2.0000,0.0000,0.8497,1500,2026-09-30T14:41:56.799Z,opp_2508e360cd922cb62a31640e,sha256:de9c7b6b6e86bf0fde5dafacd384440e181f701dee736d95fdfe4a65c090e673
2026-09-30T14:54:27.552Z,COIN,perp_spread,trade.xyz,186.199200,186.2,Bitget,186.591833,186.56,2500,9207.71,21.0867,-0.1696,15.0000,2.0000,0.0000,3.9171,1060,2026-09-30T14:54:19.553Z,opp_2475ce7d28f873ee33668aeb,sha256:9f77e44dd811d0d73da414b029e3b6d519dc3d0c3cbb42bc19ccc5066f373619
2026-09-30T14:54:27.552Z,COIN,funding_differential,trade.xyz,186.199200,186.2,Bitget,186.591833,186.56,2500,9207.71,21.0867,-0.1696,15.0000,2.0000,0.0000,3.9171,1060,2026-09-30T14:54:47.553Z,opp_4cf9c98bbbd0fe61d47f2450,sha256:639e0d13c14cf9d5a6af8b707b6e2b04b75eaeacf959bca4a1d953a04c686595
2026-09-30T14:54:27.552Z,MSTR,perp_spread,trade.xyz,153.290000,153.29,Bitget,153.575560,153.56,2500,56618.02,18.6288,-0.2869,15.0000,2.0000,0.0000,1.3419,1320,2026-09-30T14:54:19.553Z,opp_4efbb60bd0b14762ee41a090,sha256:58d0319ecb41ac7714189980e4e3b067ae4db5c1ab363cb253f3608b92b760f5
2026-09-30T14:54:27.552Z,MSTR,perp_spread,trade.xyz,153.290000,153.29,Bitget,153.565191,153.54,2500,56618.02,17.9523,-0.2869,15.0000,2.0000,0.0000,0.6654,735,2026-09-30T14:54:19.553Z,opp_5221d6c6aaf2eedc5e59b06d,sha256:25489c96f10877a1d1d0fdabca2c534be69da9d9085b41a56200ae9150f610ad
2026-09-30T14:54:27.552Z,MSTR,funding_differential,trade.xyz,153.290000,153.29,Bitget,153.565191,153.54,2500,56618.02,17.9523,-0.2869,15.0000,2.0000,0.0000,0.6654,735,2026-09-30T14:54:47.553Z,opp_881e1c23e5cf1f35f14f1aa0,sha256:a79eb6f8f4519b7e2491d76b05408a8243564c2aff74e8f99b2d80a79aec3088
2026-09-30T14:54:27.552Z,HOOD,funding_differential,trade.xyz,113.950000,113.95,Bitget,114.190000,114.19,2500,84396.85,21.0619,-0.1476,15.0000,2.0000,0.0000,3.9143,929,2026-09-30T14:54:47.553Z,opp_b9fe756584f23906b562ce22,sha256:bc5c97a87be0fd3e75c03350c2bc29044d5d2074b35f2dd263b626821238b043
2026-09-30T14:54:27.552Z,HOOD,perp_spread,trade.xyz,113.950000,113.95,Bitget,114.190000,114.19,2500,84396.85,21.0619,-0.1476,15.0000,2.0000,0.0000,3.9143,929,2026-09-30T14:54:19.553Z,opp_d502eeeb8e9c3e539f714afb,sha256:57c69743acb4cc4765b1c45ae316f08e117a36e1fce770d07d624ad1c41fbea3
2026-09-30T15:03:30.203Z,HOOD,funding_differential,trade.xyz,113.620000,113.62,Bitget,113.783365,113.74,2500,52530.17,14.3782,2.7510,15.0000,2.0000,0.0000,0.1292,1397,2026-09-30T15:03:18.685Z,opp_1ca31f7b0729f25df44d2908,sha256:bf03b651701d46e55f842d3fadfc65857d33c24c051c66920f5594cc14028bd5
2026-09-30T15:03:30.203Z,HOOD,perp_spread,trade.xyz,113.620000,113.62,Bitget,113.783365,113.74,2500,52530.17,14.3782,2.7510,15.0000,2.0000,0.0000,0.1292,1397,2026-09-30T15:02:50.685Z,opp_7b378a190ebc40c4ddd9861c,sha256:5d3452aaf1b993006f1391fba854633017f0b613ea01ba0382831cd2f7380dc2
2026-09-30T15:07:36.487Z,MSTR,funding_differential,trade.xyz,153.615000,153.62,Bitget,153.879110,153.87,2500,90476.13,17.1930,2.9160,15.0000,2.0000,0.0000,3.1089,1326,2026-09-30T15:07:29.099Z,opp_4ecf3b38f5750d0fcee17658,sha256:3c4c949769c4e8a6c893804f4c236a8d32ef5a907d3b309c5f68c9c8421c38b5
2026-09-30T15:07:36.487Z,MSTR,funding_differential,trade.xyz,153.809997,153.83,Bitget,154.035681,154.03,2500,76394.37,14.6729,2.9360,15.0000,2.0000,0.0000,0.6089,1440,2026-09-30T15:07:38.164Z,opp_69a507e6f45ad6b8d17ff239,sha256:cbbfcdabe9f0655f0e78fc37823d9fa71d79a08554e6f6b17e7723df03df3d45
2026-09-30T15:07:36.487Z,MSTR,perp_spread,trade.xyz,153.615000,153.62,Bitget,153.879110,153.87,2500,94190.44,17.1930,2.9160,15.0000,2.0000,0.0000,3.1089,1551,2026-09-30T15:07:01.608Z,opp_81dd3276baf2e2fb96a24e81,sha256:b7dc541e24341ec115925a3c17825e0b86334bab5d0f31cd620c391786826d45
2026-09-30T15:07:36.487Z,MSTR,perp_spread,trade.xyz,153.615000,153.62,Bitget,153.879110,153.87,2500,90476.13,17.1930,2.9160,15.0000,2.0000,0.0000,3.1089,1326,2026-09-30T15:07:01.099Z,opp_9b76206744a20b5f261bd480,sha256:62e935ad9da07b224a9eeb835c47f9967649f6b2bd1bef624121454643da9cc2
2026-09-30T15:07:36.487Z,MSTR,perp_spread,trade.xyz,153.809997,153.83,Bitget,154.035681,154.03,2500,76394.37,14.6729,2.9360,15.0000,2.0000,0.0000,0.6089,1440,2026-09-30T15:07:10.164Z,opp_b13674b91c66a38c554f9e23,sha256:1b97d133157f9ab70ef511b219a54fb89018dfa65e6026715e64dc4596c98fc2
2026-09-30T15:10:17.122Z,MSTR,perp_spread,trade.xyz,153.700000,153.7,Bitget,153.916267,153.91,2500,78628.68,14.0708,2.9647,15.0000,2.0000,0.0000,0.0355,717,2026-09-30T15:09:53.692Z,opp_c176c23b52725feeb91262ef,sha256:b6d86a92cba8126366663f8926ba92534c43c40fdb0167aec73269fd4f1b45c1
2026-09-30T15:10:17.123Z,MSTR,funding_differential,trade.xyz,153.700000,153.7,Bitget,153.916267,153.91,2500,78628.68,14.0708,2.9647,15.0000,2.0000,0.0000,0.0355,717,2026-09-30T15:10:21.692Z,opp_6baebf3c4f814470d83a228a,sha256:a2775d2aa20fe82f93065bb9e4eca11fb3b71a031edc1143a7de4f6b0af82e0d
2026-09-30T15:11:11.694Z,MSTR,perp_spread,trade.xyz,154.091652,154.15,Bitget,154.328278,154.32,2500,24545.61,15.3562,2.9533,15.0000,2.0000,0.0000,1.3095,1715,2026-09-30T15:11:03.498Z,opp_0b0c86b084db6e1b9bf82dd0,sha256:9545d1264a65a05282ae690e446a2f2ebe1d09de3d4971815e48b692ad0b8c28
2026-09-30T15:11:11.694Z,MSTR,perp_spread,trade.xyz,154.040000,154.04,Bitget,154.328278,154.32,2500,50825.60,18.7145,2.9533,15.0000,2.0000,0.0000,4.6678,1800,2026-09-30T15:11:02.958Z,opp_b977978c3435f5d46d447887,sha256:14da8a90d0f4709ce4d6e580de80c1e1302d38ff89a0b11b519895e818a2daa4
2026-09-30T15:16:52.498Z,HOOD,perp_spread,trade.xyz,114.260000,114.26,Bitget,114.455371,114.42,2500,40421.65,17.0988,2.7508,15.0000,2.0000,0.0000,2.8496,1080,2026-09-30T15:16:25.299Z,opp_3f331e5e61f085f4f0aa95af,sha256:d7f856a6f9086337ba6d63d5ec6bb6cd9ab497dab59779d8edce72233ebffbd1
2026-09-30T15:16:52.498Z,HOOD,funding_differential,trade.xyz,114.260000,114.26,Bitget,114.455371,114.42,2500,40421.65,17.0988,2.7508,15.0000,2.0000,0.0000,2.8496,1506,2026-09-30T15:16:53.299Z,opp_7b8c8cc1f68ba40532a15826,sha256:3eea0be94918a6ca4eb354009838819efa5ad1dbe2a3cfe60fca0bd3f4c7e009
2026-09-30T15:16:52.498Z,HOOD,funding_differential,trade.xyz,114.260000,114.26,Bitget,114.455371,114.42,2500,40421.65,17.0988,2.7508,15.0000,2.0000,0.0000,2.8496,1080,2026-09-30T15:16:53.299Z,opp_7feba7285d49809f5af76c2a,sha256:81b4579a2f243c98877cd19c83507efc842ffff7c8a1f18507069dd6d57f8b21
2026-09-30T15:16:52.498Z,HOOD,perp_spread,trade.xyz,114.260000,114.26,Bitget,114.455371,114.42,2500,40421.65,17.0988,2.7508,15.0000,2.0000,0.0000,2.8496,1506,2026-09-30T15:16:25.299Z,opp_acd06557d1bef856597b9287,sha256:30a2ce2a73adcc0517eb173a787742685557bcbc79366ccfc99462b79f579a9a
2026-09-30T15:16:52.498Z,HOOD,perp_spread,trade.xyz,114.260000,114.26,Bitget,114.456895,114.45,2500,40421.65,17.2322,2.7508,15.0000,2.0000,0.0000,2.9829,965,2026-09-30T15:16:25.299Z,opp_d04f4d32d3f6cdb8b455b37a,sha256:aa6797346757dee7dba63120cf1328b77ec34ada610b0a5fd45d9479cd0d8a24
2026-09-30T15:16:52.500Z,HOOD,perp_spread,trade.xyz,114.420000,114.42,Bitget,114.595050,114.55,2500,74814.51,15.2989,2.7508,15.0000,2.0000,0.0000,1.0496,1737,2026-09-30T15:16:46.111Z,opp_110daae6466758f97b72fee1,sha256:ebd4fe9e8f08e8b7738ace9d81fe00bba3a96996efee71620781f14022ae8cc3
2026-09-30T15:20:52.587Z,MSTR,funding_differential,trade.xyz,153.370000,153.37,Bitget,153.608516,153.6,2500,118974.95,15.5517,2.9528,15.0000,2.0000,0.0000,1.5045,945,2026-09-30T15:21:01.758Z,opp_0b65095bdc3d8572df79ec6e,sha256:5f1317e02bc72edc98a56e6a33403017eb2a2fc02044aa274c7d7fd2e905f4fe
2026-09-30T15:20:52.587Z,MSTR,perp_spread,trade.xyz,153.370000,153.37,Bitget,153.608516,153.6,2500,118974.95,15.5517,2.9528,15.0000,2.0000,0.0000,1.5045,945,2026-09-30T15:20:33.758Z,opp_827443cf66d0a1311354ff89,sha256:9c56d65852db70458859190116420d456b728be462d98039fc978edc48e5e9cf
2026-09-30T15:22:27.187Z,MSTR,funding_differential,trade.xyz,153.930000,153.93,Bitget,154.159021,154.15,2500,49884.00,14.8783,2.9646,15.0000,2.0000,0.0000,0.8429,1533,2026-09-30T15:22:52.792Z,opp_e8bc8681433edab73e6ebaae,sha256:59cb4cbb311535ca930e391a0a54f807e9109c8bbfd44d0171bc87ada16422e2
2026-09-30T15:22:27.187Z,MSTR,perp_spread,trade.xyz,153.930000,153.93,Bitget,154.159021,154.15,2500,49884.00,14.8783,2.9646,15.0000,2.0000,0.0000,0.8429,1533,2026-09-30T15:22:24.792Z,opp_f37bce7c0bbb2286355eb0d5,sha256:dccfa284a8b3a380786581d82aaf41330cd6deac79f7a7a1cd82571b886979f9
2026-09-30T15:29:20.634Z,MSTR,perp_spread,trade.xyz,153.520000,153.52,Bitget,153.773795,153.77,2500,177211.95,16.5317,2.9301,15.0000,2.0000,0.0000,2.4619,1491,2026-09-30T15:29:13.583Z,opp_9ecc8ebd6d0f64149a928b9f,sha256:61893ed390d29d7434ebd52425438841f6a043b7540b8b2fa42c9cefe7fff787
2026-09-30T15:29:20.634Z,MSTR,funding_differential,trade.xyz,153.520000,153.52,Bitget,153.773795,153.77,2500,177211.95,16.5317,2.9301,15.0000,2.0000,0.0000,2.4619,1491,2026-09-30T15:29:41.583Z,opp_a0ea6c9a74dd0d692f752f61,sha256:d8ff57e2105d64519c2df4bd2756e07d11b837c3949cebc943e79ba5d85e441b
2026-09-30T15:31:21.192Z,MSTR,perp_spread,trade.xyz,154.000000,154,Bitget,154.228199,154.22,2500,31812.69,14.8181,2.9370,15.0000,2.0000,0.0000,0.7551,1533,2026-09-30T15:31:07.009Z,opp_4b3ecf0b588609de24c1f111,sha256:723a4aabc3183d2a6fd3005d03ba70f7bb9cac85b52099dd43a36487ffeda86f
2026-09-30T15:31:21.192Z,MSTR,perp_spread,trade.xyz,154.000000,154,Bitget,154.218846,154.21,2500,31366.65,14.2108,2.9370,15.0000,2.0000,0.0000,0.1478,1172,2026-09-30T15:31:07.540Z,opp_5be9c7a1f59a505e242e0584,sha256:a17cf5c379730854b78317638b2486b9081bcf6f6b5ad6f1a73ae875e2c3aa65
2026-09-30T15:31:21.192Z,MSTR,funding_differential,trade.xyz,154.000000,154,Bitget,154.228199,154.22,2500,31812.69,14.8181,2.9370,15.0000,2.0000,0.0000,0.7551,1533,2026-09-30T15:31:35.009Z,opp_7e243d230ba5b99b67c5f5f6,sha256:9a1a863ba06d1021568c979d84d872f3c628badcd46e52f51e79365f0d3bec49
2026-09-30T15:31:21.192Z,MSTR,funding_differential,trade.xyz,154.000000,154,Bitget,154.218846,154.21,2500,31366.65,14.2108,2.9370,15.0000,2.0000,0.0000,0.1478,1172,2026-09-30T15:31:35.540Z,opp_b666369b213efde48eb24df1,sha256:165b2691a070ca56a544c4565e8a8057ca274ff47b9577824f1d7489afb6d2e1
2026-09-30T15:32:00.370Z,MSTR,funding_differential,trade.xyz,154.210000,154.21,Bitget,154.457748,154.45,2500,80138.31,16.0656,2.9345,15.0000,2.0000,0.0000,2.0001,936,2026-09-30T15:32:26.308Z,opp_2e012bc3b9c7d423cfb51c07,sha256:21f15bdae2ef0051b0457dc08824c3ce4bfe09b2382b0d73f87142834472b16e
2026-09-30T15:32:00.370Z,MSTR,perp_spread,trade.xyz,154.210000,154.21,Bitget,154.457748,154.45,2500,80138.31,16.0656,2.9345,15.0000,2.0000,0.0000,2.0001,936,2026-09-30T15:31:58.308Z,opp_8bed1363a1d2dd0b7bf30d3f,sha256:a232d4fb6eb7ec0d60196af97090fc5a6402c8a9fc2b6d23ffcd93eb6a369908
2026-09-30T15:32:00.370Z,MSTR,perp_spread,trade.xyz,154.210000,154.21,Bitget,154.457748,154.45,2500,80138.31,16.0656,2.9345,15.0000,2.0000,0.0000,2.0001,1041,2026-09-30T15:31:58.308Z,opp_b2bbacea7c3c07da11241e40,sha256:54f35b26975b6a9c04112fb48e768b9b6fde278e095028399d48b01fd5774d0a
2026-09-30T15:32:00.370Z,MSTR,funding_differential,trade.xyz,154.210000,154.21,Bitget,154.457748,154.45,2500,80138.31,16.0656,2.9345,15.0000,2.0000,0.0000,2.0001,1041,2026-09-30T15:32:26.308Z,opp_e8f23b8da8e6743466cc4e3d,sha256:f5393d5c12b2108127a4739bb5d73556e3ebcec5facc5527e9d3b00046a402b6
2026-09-30T15:34:31.267Z,MSTR,perp_spread,trade.xyz,153.940000,153.94,Bitget,154.183087,154.17,2500,41619.27,15.7910,2.9592,15.0000,2.0000,0.0000,1.7503,751,2026-09-30T15:33:57.490Z,opp_10685bb6f5a5b87a30ca8176,sha256:d0223c51ef90458df1ee783b6c16e36b4adae4d9f3a8386d4335626fba5ff495
2026-09-30T15:34:31.267Z,MSTR,funding_differential,trade.xyz,153.940000,153.94,Bitget,154.183087,154.17,2500,41619.27,15.7910,2.9592,15.0000,2.0000,0.0000,1.7503,751,2026-09-30T15:34:25.490Z,opp_1f0ee8f519c9e3ec66050198,sha256:7cc6d21882c7ae9943e272206778b01ea7fdf9df3d244e57854bf90ade8c5b4a
2026-09-30T15:34:31.267Z,MSTR,funding_differential,trade.xyz,153.940000,153.94,Bitget,154.178671,154.17,2500,41619.27,15.5042,2.9592,15.0000,2.0000,0.0000,1.4634,962,2026-09-30T15:34:25.490Z,opp_38f611bb82e414b677462ead,sha256:2b7eaa08f1f47ea93bc161d43d2973392cbefa824b6b68ca7f0418da02b17202
2026-09-30T15:34:31.267Z,MSTR,perp_spread,trade.xyz,153.940000,153.94,Bitget,154.178671,154.17,2500,41619.27,15.5042,2.9592,15.0000,2.0000,0.0000,1.4634,962,2026-09-30T15:33:57.490Z,opp_b4220888b543d86ee28952ed,sha256:7d42efedb2318d794d43d92e40f1a257e3c9667c164292f6d30b9a11f307069b
2026-09-30T15:34:31.269Z,MSTR,perp_spread,trade.xyz,154.070000,154.07,Bitget,154.308857,154.3,2500,111888.94,15.5032,2.9592,15.0000,2.0000,0.0000,1.4624,1182,2026-09-30T15:34:23.304Z,opp_b756a315025676c14233063b,sha256:9ae96304ab9957233747e7d1f46e2d8b429595fac1de5f126ffdd4dfc999866b
2026-09-30T15:34:31.269Z,MSTR,funding_differential,trade.xyz,154.070000,154.07,Bitget,154.308857,154.3,2500,111888.94,15.5032,2.9592,15.0000,2.0000,0.0000,1.4624,1182,2026-09-30T15:34:51.304Z,opp_d3673d98f712bf59fe2b8cf5,sha256:feacd95a23468d37797bac07eb0db401e53231f2e2c0f1483e305dcc19550c45
2026-09-30T15:37:57.062Z,TSLA,perp_spread,trade.xyz,348.536000,348.54,Bitget,348.944774,348.94,2500,61031.03,11.7283,5.8107,15.0000,2.0000,0.0000,0.5390,1439,2026-09-30T15:35:51.300Z,opp_11803a6b71e0905d18fa5435,sha256:7348cc1664ce0a8f4318f23c343d9822467e0ee032894f1f24bd11e0454b4dae
2026-09-30T15:37:57.062Z,TSLA,funding_differential,trade.xyz,348.536000,348.54,Bitget,348.944774,348.94,2500,61031.03,11.7283,5.8107,15.0000,2.0000,0.0000,0.5390,1005,2026-09-30T15:36:19.300Z,opp_7ffe090325c5829ee6bea2be,sha256:3e0530dc392e7b8cdc34b53b3059881a9a334e5802093d045e4026114ab427df
2026-09-30T15:37:57.062Z,TSLA,perp_spread,trade.xyz,348.536000,348.54,Bitget,348.944774,348.94,2500,61031.03,11.7283,5.8107,15.0000,2.0000,0.0000,0.5390,1005,2026-09-30T15:35:51.300Z,opp_b694ddcf71fe51b71bc162c9,sha256:244aa73617449d7faa908c844b6048e4ccfd84647c0e1557d585818e69e5d756
2026-09-30T15:42:46.519Z,NVDA,perp_spread,trade.xyz,230.710000,230.71,Bitget,231.130814,231.13,2500,430784.03,18.2399,1.7975,15.0000,2.0000,0.0000,3.0374,947,2026-09-30T15:42:44.429Z,opp_4040d5d3d9a1f457e3bab423,sha256:f5e22b38a6004aeeae479eca8fd534f215b8e159663cd86ce2f631e1efe8daa7
2026-09-30T15:42:46.519Z,NVDA,funding_differential,trade.xyz,230.710000,230.71,Bitget,231.130814,231.13,2500,430784.03,18.2399,1.7975,15.0000,2.0000,0.0000,3.0374,947,2026-09-30T15:43:12.429Z,opp_aa3a7f5ba58b9bb4b635c1c1,sha256:679be16d3634db2dcbc978591fdd975d820bec2ded7645f08726ecbfbc90f2fa
2026-09-30T15:42:46.520Z,NVDA,perp_spread,trade.xyz,230.740000,230.74,Bitget,231.156519,231.15,2500,522404.56,18.0514,1.7975,15.0000,2.0000,0.0000,2.8489,723,2026-09-30T15:42:45.468Z,opp_606ebef22eb565375c103e81,sha256:1e3be978866f743f32e7c49f400a9ec6287d71940d23519e22266881cacc052d
2026-09-30T15:42:46.520Z,NVDA,funding_differential,trade.xyz,230.740000,230.74,Bitget,231.156519,231.15,2500,522404.56,18.0514,1.7975,15.0000,2.0000,0.0000,2.8489,723,2026-09-30T15:43:13.468Z,opp_6ddd2008efbd05f78ec6e671,sha256:4675d4b2a7725da19cf6251e869ae1f81fe23821a7f9002ed828a8cb228b6738
2026-09-30T15:42:46.520Z,NVDA,perp_spread,trade.xyz,230.710000,230.71,Bitget,231.130814,231.13,2500,430784.03,18.2399,1.7975,15.0000,2.0000,0.0000,3.0374,799,2026-09-30T15:42:44.937Z,opp_bf3c34ececd05daadfeec722,sha256:ecdfdfe45a2711463926fc9e38f828dbf940253b84e9ceebd1d5915dacb5e511
2026-09-30T15:42:46.520Z,NVDA,funding_differential,trade.xyz,230.710000,230.71,Bitget,231.130814,231.13,2500,430784.03,18.2399,1.7975,15.0000,2.0000,0.0000,3.0374,799,2026-09-30T15:43:12.937Z,opp_e10122f9ab309117947cfbdb,sha256:f9bfdd93192c057443e5e012c5c60351326011ea4c53d6fddbd19193381caafe
2026-09-30T15:42:46.523Z,NVDA,funding_differential,trade.xyz,230.740000,230.74,Bitget,231.147249,231.14,2500,559693.54,17.6497,1.7975,15.0000,2.0000,0.0000,2.4472,999,2026-09-30T15:43:13.468Z,opp_2c0b667e0375b1caddf7815a,sha256:2362930043a4e04bc8ef6eb031d72d7de0a397170b83c0037d73550be04e0a40
2026-09-30T15:42:46.523Z,NVDA,funding_differential,trade.xyz,230.740000,230.74,Bitget,231.147249,231.14,2500,559693.54,17.6497,1.7975,15.0000,2.0000,0.0000,2.4472,1256,2026-09-30T15:43:13.468Z,opp_694356f3010db945a9c52aa2,sha256:d3232158b978d32982b8e6ab9bf51b83137629aa9b749a29f18a431740658775
2026-09-30T15:42:46.523Z,NVDA,perp_spread,trade.xyz,230.740000,230.74,Bitget,231.147249,231.14,2500,559693.54,17.6497,1.7975,15.0000,2.0000,0.0000,2.4472,1256,2026-09-30T15:42:45.468Z,opp_7472021a35c2f16e99f7d578,sha256:d2de6465438ca712e70b52dd3e0522548c64d992c3ac8de51a9985c156fc9fc8
2026-09-30T15:42:46.523Z,NVDA,perp_spread,trade.xyz,230.740000,230.74,Bitget,231.150000,231.15,2500,550483.02,17.7689,1.7975,15.0000,2.0000,0.0000,2.5664,1706,2026-09-30T15:42:45.468Z,opp_a0bdc06e4b5e9bab463b601a,sha256:179b77c6a37ee4313f0591d241c8552fed219a41cbeea854198a959a1850d82a
2026-09-30T15:42:46.523Z,NVDA,perp_spread,trade.xyz,230.770000,230.77,Bitget,231.164133,231.16,2500,480866.85,17.0790,1.7975,15.0000,2.0000,0.0000,1.8765,1579,2026-09-30T15:42:46.069Z,opp_ac5a472505e301178d738478,sha256:48dbf7c2404645b36f737dbbc1b33331be416fd80865d21165f3b80f45dcb487
2026-09-30T15:42:46.523Z,NVDA,perp_spread,trade.xyz,230.740000,230.74,Bitget,231.147249,231.14,2500,559693.54,17.6497,1.7975,15.0000,2.0000,0.0000,2.4472,1123,2026-09-30T15:42:45.468Z,opp_babbcb096ff1de52ce8b8b01,sha256:b86490cde77541234fac2619de45bb2e0681d0403bba8a5849c117e801c21964
2026-09-30T15:42:46.523Z,NVDA,funding_differential,trade.xyz,230.740000,230.74,Bitget,231.147249,231.14,2500,559693.54,17.6497,1.7975,15.0000,2.0000,0.0000,2.4472,1123,2026-09-30T15:43:13.468Z,opp_c095d8bde7412c7bb5cf0589,sha256:e5c8c211b42058f317fe8b064822e8b0bc6d346c22a789f85ffa6a4f5afb6627
2026-09-30T15:42:46.523Z,NVDA,perp_spread,trade.xyz,230.740000,230.74,Bitget,231.147249,231.14,2500,559693.54,17.6497,1.7975,15.0000,2.0000,0.0000,2.4472,999,2026-09-30T15:42:45.468Z,opp_e0af0a7c78990325b3dcbe89,sha256:9b15b151a1bfb44c669f2486125a71a5732dbed2befaf26985d9187c7ec116df
2026-09-30T15:42:46.523Z,NVDA,funding_differential,trade.xyz,230.740000,230.74,Bitget,231.150000,231.15,2500,550483.02,17.7689,1.7975,15.0000,2.0000,0.0000,2.5664,1706,2026-09-30T15:43:13.468Z,opp_f81468b9cb39d314d8e6757e,sha256:2e36b143fa2a197a5d3f2cff9382742366461f584fb3b108d4a752e19d522e97
2026-09-30T15:47:28.561Z,MSTR,perp_spread,trade.xyz,153.840000,153.84,Bitget,154.060561,154.06,2500,19422.01,14.3370,2.9730,15.0000,2.0000,0.0000,0.3100,980,2026-09-30T15:46:52.393Z,opp_5ab3578bfda0a40f2c8e0ef4,sha256:68db3df60fbf6c7c9e8247cb3104754604e0a26aebc66cd1a315311a65969116
2026-09-30T15:47:28.561Z,MSTR,funding_differential,trade.xyz,153.840000,153.84,Bitget,154.060561,154.06,2500,19422.01,14.3370,2.9730,15.0000,2.0000,0.0000,0.3100,980,2026-09-30T15:47:20.393Z,opp_af63945c1362c45b9d63ea65,sha256:25f7d0b7d9337dee82deb5bf9cf1981313a90eae2255053dd7cab27be51bbae9
2026-09-30T15:48:34.176Z,NVDA,funding_differential,trade.xyz,230.670000,230.67,Bitget,231.027817,231.01,2500,487363.81,15.5121,1.7075,15.0000,2.0000,0.0000,0.2196,1134,2026-09-30T15:48:41.808Z,opp_125aa74d6f3677fd4314edd3,sha256:ce28b0b6bfcd3218e77dd210ca54f283301824fbd68f0cbb9fdee1b1c3e326e0
2026-09-30T15:48:34.176Z,NVDA,funding_differential,trade.xyz,230.670000,230.67,Bitget,231.027817,231.01,2500,485680.52,15.5121,1.7075,15.0000,2.0000,0.0000,0.2196,668,2026-09-30T15:48:41.808Z,opp_337a24e42d4ab00fb0354d84,sha256:5598ce74ab048b6973b075e98087cce352a84d3412892d26891e8793929c5333
2026-09-30T15:48:34.176Z,NVDA,perp_spread,trade.xyz,230.670000,230.67,Bitget,231.027817,231.01,2500,487363.81,15.5121,1.7075,15.0000,2.0000,0.0000,0.2196,1134,2026-09-30T15:48:13.808Z,opp_c59375e8f2ab017a836d3222,sha256:8ee495ce65361e0d8892f19519c6538eafe8398665be39e146179541d9eb5e57
2026-09-30T15:48:34.176Z,NVDA,perp_spread,trade.xyz,230.670000,230.67,Bitget,231.027817,231.01,2500,485680.52,15.5121,1.7075,15.0000,2.0000,0.0000,0.2196,668,2026-09-30T15:48:13.808Z,opp_d07657bc1af3f68951896e66,sha256:d1784b552965fb1187b4cb45a8febd33ea19481557e428360fb55b1707445516
2026-09-30T15:48:34.177Z,NVDA,perp_spread,trade.xyz,230.670000,230.67,Bitget,231.028906,231,2500,490817.51,15.5593,1.7075,15.0000,2.0000,0.0000,0.2668,842,2026-09-30T15:48:16.530Z,opp_1b87fa74c981339e732fd23c,sha256:3b0323f84534f8f06a7e4ca3fbf4895be638bca02410d644e8d1cd01b0708553
2026-09-30T15:48:34.177Z,NVDA,perp_spread,trade.xyz,230.670000,230.67,Bitget,231.030137,231.01,2500,470975.17,15.6126,1.7075,15.0000,2.0000,0.0000,0.3201,723,2026-09-30T15:48:18.184Z,opp_659bfac14505626f6d3977b7,sha256:1b6c99fa9ac90d8303c11e127bddad84fdf8a5cd11aca97cecec0ef41d31bee5
2026-09-30T15:48:34.177Z,NVDA,perp_spread,trade.xyz,230.670000,230.67,Bitget,231.023353,231.01,2500,489527.24,15.3186,1.7075,15.0000,2.0000,0.0000,0.0261,918,2026-09-30T15:48:17.080Z,opp_801673dc3381a9eca4c82911,sha256:de620319f2c97de41da2f235bd0c6e86d50703ce9ca90a963ff86610446d2ae3
2026-09-30T15:48:34.177Z,NVDA,funding_differential,trade.xyz,230.670000,230.67,Bitget,231.023353,231.01,2500,487008.01,15.3186,1.7075,15.0000,2.0000,0.0000,0.0261,944,2026-09-30T15:48:44.530Z,opp_90c5e64399a5e3a7c43cdd71,sha256:92ef633abf7577a87688b06495ff22e6a21d2186ebee73281f4f4113a7afdac4
2026-09-30T15:48:34.177Z,NVDA,funding_differential,trade.xyz,230.670000,230.67,Bitget,231.023353,231.01,2500,489527.24,15.3186,1.7075,15.0000,2.0000,0.0000,0.0261,918,2026-09-30T15:48:45.080Z,opp_9c7460e8007cfb931431364d,sha256:7c4dcb44d997886b353cbba9b91b58914ef27651c00f35d2c8827395d63512cb
2026-09-30T15:48:34.177Z,NVDA,funding_differential,trade.xyz,230.670000,230.67,Bitget,231.030137,231.01,2500,470975.17,15.6126,1.7075,15.0000,2.0000,0.0000,0.3201,723,2026-09-30T15:48:46.184Z,opp_9cb37e157b95d7dba62d86f1,sha256:63977472f929893e8cc7ebcccd9d719d5721218b38c93f975554298ba4cd623e
2026-09-30T15:48:34.177Z,NVDA,funding_differential,trade.xyz,230.670000,230.67,Bitget,231.028906,231,2500,490817.51,15.5593,1.7075,15.0000,2.0000,0.0000,0.2668,1278,2026-09-30T15:48:43.415Z,opp_9de54f5eb93c9ca5eb51aa72,sha256:a3b75ead88fe163410aa0000ec582783f8f2edab8f2ae40e7d6c925b1c045100
2026-09-30T15:48:34.177Z,NVDA,perp_spread,trade.xyz,230.670000,230.67,Bitget,231.023353,231.01,2500,487008.01,15.3186,1.7075,15.0000,2.0000,0.0000,0.0261,944,2026-09-30T15:48:16.530Z,opp_a0e6a9dfd65cd74be7053d50,sha256:bb92fb116a182ca54f8082e05503fa47dec81381ed8063cdad6f0f98a758c23d
2026-09-30T15:48:34.177Z,NVDA,perp_spread,trade.xyz,230.670000,230.67,Bitget,231.028906,231,2500,490817.51,15.5593,1.7075,15.0000,2.0000,0.0000,0.2668,1278,2026-09-30T15:48:15.415Z,opp_bd0be3162ca3b244a436a761,sha256:7eeb0bb318ee08969dd9dded31327c800aa8dc555494dcca92c3b01e7b1ffb0e
2026-09-30T15:48:34.177Z,NVDA,perp_spread,trade.xyz,230.670000,230.67,Bitget,231.030137,231.01,2500,480608.08,15.6126,1.7075,15.0000,2.0000,0.0000,0.3201,1186,2026-09-30T15:48:17.606Z,opp_cafb9bfa939a9c8e4f18230e,sha256:3ce449ef6bb0d7bcd10e7d63a3d57225b27ffe91be79a8006d78f32baa932911
2026-09-30T15:48:34.177Z,NVDA,perp_spread,trade.xyz,230.670000,230.67,Bitget,231.023353,231.01,2500,487008.01,15.3186,1.7075,15.0000,2.0000,0.0000,0.0261,1095,2026-09-30T15:48:16.530Z,opp_d492b0d2e65506825f678649,sha256:b9a760197000e6c0328f789dc2e4099357279f78e3ffc07f902a59828e816a41
2026-09-30T15:48:34.177Z,NVDA,perp_spread,trade.xyz,230.670000,230.67,Bitget,231.023353,231.01,2500,480608.08,15.3186,1.7075,15.0000,2.0000,0.0000,0.0261,840,2026-09-30T15:48:17.606Z,opp_d672a982c0b686a723935797,sha256:711abdcecdbc6ab709148247751207d0a9e1823f8960a5188986b16b1c645173
2026-09-30T15:48:34.177Z,NVDA,funding_differential,trade.xyz,230.670000,230.67,Bitget,231.030137,231.01,2500,470975.17,15.6126,1.7075,15.0000,2.0000,0.0000,0.3201,882,2026-09-30T15:48:46.188Z,opp_e9972edaa8eb8f6f5920339c,sha256:d9cdd1e53dbca5fb209d402a04c22b30f79fe456e59c5d4d208ec19d6a99f9a9
2026-09-30T15:48:34.177Z,NVDA,perp_spread,trade.xyz,230.670000,230.67,Bitget,231.030137,231.01,2500,470975.17,15.6126,1.7075,15.0000,2.0000,0.0000,0.3201,882,2026-09-30T15:48:18.188Z,opp_f0d9d1b5d7af0e333f240933,sha256:aa3453178735311df24777dfb7ecc52ad7d55155004fbbc3468d337c3f42d069
2026-09-30T15:48:34.177Z,NVDA,perp_spread,trade.xyz,230.670000,230.67,Bitget,231.028906,231,2500,490817.51,15.5593,1.7075,15.0000,2.0000,0.0000,0.2668,970,2026-09-30T15:48:15.963Z,opp_f4a3e0790eac51223a13bff0,sha256:7616ea3524cf18b007dfc0b95aa8a9866e77d741afb914ec4bd9a403c03b5704
2026-09-30T15:48:34.177Z,NVDA,funding_differential,trade.xyz,230.670000,230.67,Bitget,231.023353,231.01,2500,487008.01,15.3186,1.7075,15.0000,2.0000,0.0000,0.0261,1095,2026-09-30T15:48:44.530Z,opp_fc0f29b2cf94415ae465fc50,sha256:cf7db927db119436558cfe1ef13ef5f43fbb79b613b72f99b2b6ae475eae11c0
2026-09-30T15:48:34.178Z,NVDA,funding_differential,trade.xyz,230.670000,230.67,Bitget,231.061156,231.04,2500,384200.87,16.9574,1.7075,15.0000,2.0000,0.0000,1.6649,940,2026-09-30T15:48:47.255Z,opp_08076b7b4fabebcae6fe27b3,sha256:5dc82d4fe99831453e0c0d576255beb9082e28011992f7efc4acaea2873bb545
2026-09-30T15:48:34.178Z,NVDA,perp_spread,trade.xyz,230.670000,230.67,Bitget,231.061156,231.04,2500,384200.87,16.9574,1.7075,15.0000,2.0000,0.0000,1.6649,940,2026-09-30T15:48:19.255Z,opp_3952f9667166fd4debf28cd3,sha256:9fcf1287ba1127e183f9c67597e2117229d47fa4cb9a09560e865f1adcca0637
2026-09-30T15:48:34.178Z,NVDA,funding_differential,trade.xyz,230.670000,230.67,Bitget,231.061156,231.04,2500,384200.87,16.9574,1.7075,15.0000,2.0000,0.0000,1.6649,729,2026-09-30T15:48:47.255Z,opp_3c58ce6b4bb25bbbcf26e3fb,sha256:b41773fb384890186f6aad52c9400a367ba8bb5bd4235ddf3c7f69cace431cb2
2026-09-30T15:48:34.178Z,NVDA,perp_spread,trade.xyz,230.670000,230.67,Bitget,231.030137,231.01,2500,470975.17,15.6126,1.7075,15.0000,2.0000,0.0000,0.3201,1320,2026-09-30T15:48:18.188Z,opp_443b3dddefde5ad3c18a8d62,sha256:becbeb3d509f4025bad18df3192983be7c3debdfd3785ef431abe4bcfa66469d
2026-09-30T15:48:34.178Z,NVDA,funding_differential,trade.xyz,230.670000,230.67,Bitget,231.048650,231.04,2500,410639.45,16.4152,1.7075,15.0000,2.0000,0.0000,1.1227,953,2026-09-30T15:48:46.700Z,opp_75299b29350e1e729a38dd77,sha256:76d44c4a3b3d2a7dfce8960d7699c695d8369d7a2b626df5b647ad53d1459c4e
2026-09-30T15:48:34.178Z,NVDA,perp_spread,trade.xyz,230.670000,230.67,Bitget,231.061156,231.04,2500,384200.87,16.9574,1.7075,15.0000,2.0000,0.0000,1.6649,729,2026-09-30T15:48:19.255Z,opp_89cd0c60997d0651b13cbf64,sha256:2482940322784819093916d9f38693dc40f181538fb2d4c097db6eecf02572ce
2026-09-30T15:48:34.178Z,NVDA,perp_spread,trade.xyz,230.670000,230.67,Bitget,231.070685,231.05,2500,384200.87,17.3705,1.7075,15.0000,2.0000,0.0000,2.0780,1970,2026-09-30T15:48:19.255Z,opp_a48d3da77904cb7460e64a72,sha256:4d7bb3fcbbcc4cf0a24c043e06ec5a70a8697ebad982e12b9d492aa9af5f756b
2026-09-30T15:48:34.178Z,NVDA,perp_spread,trade.xyz,230.670000,230.67,Bitget,231.061156,231.04,2500,410639.45,16.9574,1.7075,15.0000,2.0000,0.0000,1.6649,1199,2026-09-30T15:48:18.700Z,opp_b9f6b8aac0f2783c7d607b3d,sha256:03d7d2b1552d109c74077c67baa84b597e062bf8578802b0c1f940c20ac88b27
2026-09-30T15:48:34.178Z,NVDA,perp_spread,trade.xyz,230.670000,230.67,Bitget,231.070685,231.05,2500,384200.87,17.3705,1.7075,15.0000,2.0000,0.0000,2.0780,1304,2026-09-30T15:48:19.255Z,opp_ca8cd7658ab458436dd6d2f8,sha256:121121b54607fb863dd6b867e62fd9364b33461eafeaf411245807f4e8dd486b
2026-09-30T15:48:34.178Z,NVDA,funding_differential,trade.xyz,230.670000,230.67,Bitget,231.061156,231.04,2500,410639.45,16.9574,1.7075,15.0000,2.0000,0.0000,1.6649,1199,2026-09-30T15:48:46.700Z,opp_cce2d9b57b8a4c9b4e6c8c2b,sha256:1c6f2e263598be39f0b8c0b70dffee76a1c24f1f2b711306cb1c319ba5b8cc64
2026-09-30T15:48:34.178Z,NVDA,perp_spread,trade.xyz,230.670000,230.67,Bitget,231.048650,231.04,2500,410639.45,16.4152,1.7075,15.0000,2.0000,0.0000,1.1227,1112,2026-09-30T15:48:18.700Z,opp_d3f1ffeb9aa2ab1263a28efe,sha256:6d445ac825d4a3879571514dd66cdb02455219e36435cb88f799b0b104d749ee
2026-09-30T15:48:34.178Z,NVDA,funding_differential,trade.xyz,230.670000,230.67,Bitget,231.070685,231.05,2500,384200.87,17.3705,1.7075,15.0000,2.0000,0.0000,2.0780,1304,2026-09-30T15:48:47.255Z,opp_e6f03efa2d700efa1925a21c,sha256:713515c26f2d1d8b475b58fa2eef883278238b4665bbf4e6de05491222896b16
2026-09-30T15:48:34.178Z,NVDA,perp_spread,trade.xyz,230.670000,230.67,Bitget,231.048650,231.04,2500,410639.45,16.4152,1.7075,15.0000,2.0000,0.0000,1.1227,953,2026-09-30T15:48:18.700Z,opp_e7d293d86f168c31ae9cf34f,sha256:220b889a995a12b351d405d605b1d0277fca2cabed2ea59867a30c91ffc418ac
2026-09-30T16:19:06.308Z,TSLA,perp_spread,trade.xyz,350.877534,350.91,Bitget,351.554020,351.54,2500,2721.78,19.2798,-0.0908,15.0000,2.0000,0.0000,2.1890,948,2026-09-30T16:19:05.813Z,opp_397e5d513d1fb122d3cae7dc,sha256:d77d7b1f1dcf0ed89bd796cb6c426e24f7f25d722e1a3a5b776f0c081c92f765
2026-09-30T16:19:06.308Z,TSLA,perp_spread,trade.xyz,350.862000,350.87,Bitget,351.554020,351.54,2500,27305.49,19.7234,-0.0908,15.0000,2.0000,0.0000,2.6326,1229,2026-09-30T16:19:05.283Z,opp_ef4836666f1bedb4f4ef6392,sha256:5ca9060f37089831d7487204b58aa34ac930f87739aa0f533c29e45ca1504fcf
2026-09-30T16:59:48.223Z,NVDA,perp_spread,trade.xyz,230.360000,230.36,Bitget,230.800044,230.79,2500,311256.50,19.1025,-0.0625,15.0000,2.0000,0.0000,2.0400,1120,2026-09-30T16:59:35.967Z,opp_21f5c7d75bb5b6babc72c308,sha256:0efd189810305252752fba4f67f47b6f9e9ebf2d4a4b983279450d50248c4b4a
2026-09-30T16:59:48.223Z,NVDA,perp_spread,trade.xyz,230.360000,230.36,Bitget,230.800044,230.79,2500,311256.50,19.1025,-0.0625,15.0000,2.0000,0.0000,2.0400,906,2026-09-30T16:59:35.967Z,opp_6f9711b962cf7f51a4d45009,sha256:e39ae7945777371056288b303c53d9c5d5ecddc6abd9310cdff08210fe2f2901
2026-09-30T16:59:48.223Z,NVDA,funding_differential,trade.xyz,230.360000,230.36,Bitget,230.800044,230.79,2500,311256.50,19.1025,-0.0625,15.0000,2.0000,0.0000,2.0400,906,2026-09-30T17:00:03.967Z,opp_841d8bb83b4a0a08d47d1a69,sha256:91813e0440d4fe49b9da1b53dbde6c8162c65b1b578ce8f8f973403af1020cb6
2026-09-30T17:48:06.414Z,COIN,perp_spread,trade.xyz,186.944340,186.95,Bitget,187.276864,187.23,2500,15563.70,17.7873,-0.2662,15.0000,2.0000,0.0000,0.5211,1350,2026-09-30T17:47:37.890Z,opp_e20421da539d558451e1bf30,sha256:7f4b196294293226897a5d8cc2187ff381cab32e4908c542864e918657a77318
2026-09-30T17:48:06.415Z,COIN,perp_spread,trade.xyz,186.997235,187,Bitget,187.342101,187.26,2500,4960.11,18.4423,-0.2662,15.0000,2.0000,0.0000,1.1761,1675,2026-09-30T17:47:38.490Z,opp_4350542145cfe8e73b0d79ef,sha256:94d245cbbab26d6cdbc1b52434e86af2003277eb4581e81f0499928aa0952c30
2026-09-30T17:48:06.415Z,COIN,funding_differential,trade.xyz,186.944340,186.95,Bitget,187.276864,187.23,2500,15563.70,17.7873,-0.2662,15.0000,2.0000,0.0000,0.5211,1350,2026-09-30T17:48:05.890Z,opp_845a55ef1cfeb3114b222987,sha256:9011afe8e0c0b21a9191d825bffabf5e85f2edfefaa0e9c395cef291dcfbaa95
2026-09-30T18:48:58.475Z,COIN,perp_spread,trade.xyz,187.160777,187.17,Bitget,187.526582,187.48,2500,3654.07,19.5449,-0.1788,15.0000,2.0000,0.0000,2.3661,1760,2026-09-30T18:47:44.508Z,opp_8ddfdef091e7b2614164a6a3,sha256:35e691ba7de11d26256fa790ef7762d3a70deae98dd3dcd078188867ec511b61
2026-09-30T18:48:58.475Z,COIN,funding_differential,trade.xyz,187.160777,187.17,Bitget,187.526582,187.48,2500,3654.07,19.5449,-0.1788,15.0000,2.0000,0.0000,2.3661,1760,2026-09-30T18:48:12.508Z,opp_a068d47a73d5d6ae5567c9fb,sha256:e378529eb146818e3ddf0cf29760e98e96c0f159fe0f3a32c1db566cf20d273f
2026-09-30T19:18:42.777Z,MSFT,perp_spread,trade.xyz,516.821481,516.83,Bitget,517.705094,517.7,2500,39556.64,17.0971,0.0168,15.0000,2.0000,0.0000,0.1138,1596,2026-09-30T19:17:39.988Z,opp_9fd1abb6ea37fe0e9446d38a,sha256:59cb33c575ccfaf3084bf77ca44263725b35537b2ed57ec38ec71434dc210211
2026-09-30T19:53:11.064Z,GOOGL,perp_spread,trade.xyz,347.564264,347.57,Bitget,348.238012,348.21,2500,8996.74,19.3849,-0.1439,15.0000,2.0000,0.0000,2.2409,1266,2026-09-30T19:52:45.822Z,opp_1d785a793496f3ed95b918ae,sha256:948a72671b24ab0fdd04a39398f799b46cddc2444938bf537697b05dbe7dcf57
2026-09-30T19:53:11.064Z,GOOGL,funding_differential,trade.xyz,347.564264,347.57,Bitget,348.238012,348.21,2500,8996.74,19.3849,-0.1439,15.0000,2.0000,0.0000,2.2409,1266,2026-09-30T19:53:13.822Z,opp_2fc56182e55e45839c8dfd63,sha256:53c1af615878e19914b4b7ad16b278709ab282333362f0fe788254e8e3b8f1bb
2026-09-30T19:53:11.064Z,GOOGL,perp_spread,trade.xyz,347.564264,347.57,Bitget,348.238012,348.21,2500,8996.74,19.3849,-0.1439,15.0000,2.0000,0.0000,2.2409,1060,2026-09-30T19:52:45.822Z,opp_386de2418ce11d954b78b9d9,sha256:d40e5d317037c8ea0192e2f39488f3be3f03daa8f251eeb4aaf8eca5b5270a85
2026-09-30T19:53:11.064Z,GOOGL,funding_differential,trade.xyz,347.564264,347.57,Bitget,348.238012,348.21,2500,8996.74,19.3849,-0.1439,15.0000,2.0000,0.0000,2.2409,1060,2026-09-30T19:53:13.822Z,opp_54c129ba20cdf1eb5be27d85,sha256:f3d4ec657befcc35ec4f9511b05afd1b0767045b377b8d0c73047afad1c0b973
2026-09-30T19:53:11.064Z,GOOGL,perp_spread,Bitget,345.633597,345.7,trade.xyz,346.230000,346.23,2500,85355.52,17.2554,0.1439,15.0000,2.0000,0.0000,0.3993,1531,2026-09-30T19:52:52.397Z,opp_57b399451bbab797535b2a0f,sha256:d7280d7f8626883bc1432f98149d6557c7ec55039219b9cd58a902ee98e15ec1
2026-09-30T19:53:11.065Z,META,funding_differential,trade.xyz,728.850000,728.85,Bitget,730.155806,729.89,2500,19566.32,17.9160,-0.0625,15.0000,2.0000,0.0000,0.8535,836,2026-09-30T19:53:26.735Z,opp_06c85ee865fe47c78e6bb239,sha256:2e020cb93b2be2acade9a728ca94617d633fc66fa6d49ce4e5b6d67f3c5b8078
2026-09-30T19:53:11.065Z,META,perp_spread,trade.xyz,728.850000,728.85,Bitget,730.155806,729.89,2500,19566.32,17.9160,-0.0625,15.0000,2.0000,0.0000,0.8535,836,2026-09-30T19:52:58.735Z,opp_70f4045cfe7cd854a887167a,sha256:147a90eaaf0f2c85644c8cd5c5f5fc0ba7097fb308ce7175320b247782f36980
2026-09-30T19:58:22.787Z,GOOGL,perp_spread,trade.xyz,343.310000,343.31,Bitget,344.029779,343.97,2500,200737.14,20.9659,-0.1283,15.0000,2.0000,0.0000,3.8376,1236,2026-09-30T19:57:55.972Z,opp_1a7121750c8d2f4cf0037cd3,sha256:fa504a05077e3c89fd0fd8206822c418ee15f05bd54a21d91ef66e78759102a2
2026-09-30T19:58:22.787Z,GOOGL,perp_spread,trade.xyz,343.340000,343.34,Bitget,344.036872,344.02,2500,196130.91,20.2968,-0.1283,15.0000,2.0000,0.0000,3.1686,1065,2026-09-30T19:57:56.496Z,opp_1b62bfcca21e05db314bcd3b,sha256:af80c5172660638d78f78744c634fefa8e65c745a7c3b60b4c5f9dad5a17dc36
2026-09-30T19:58:22.787Z,GOOGL,perp_spread,trade.xyz,343.769971,343.77,Bitget,344.396601,344.37,2500,173209.38,18.2282,-0.1241,15.0000,2.0000,0.0000,1.1040,1552,2026-09-30T19:57:59.278Z,opp_1bf0857f6829df3bd24551ee,sha256:1cfc5262ea9a0366f090bcec3bfc9b165a8bee1ccb737d0d770874d9c67de235
2026-09-30T19:58:22.787Z,GOOGL,funding_differential,trade.xyz,343.769971,343.77,Bitget,344.396601,344.37,2500,173209.38,18.2282,-0.1241,15.0000,2.0000,0.0000,1.1040,1552,2026-09-30T19:58:27.278Z,opp_87b1d74f96e305737899ad0b,sha256:f965054716e1f9290656b49bcfce96c41ad9ffea684e9b8e87d84d884323cd1e
2026-09-30T19:58:22.787Z,GOOGL,perp_spread,trade.xyz,343.340000,343.34,Bitget,344.029779,343.97,2500,196130.91,20.0902,-0.1283,15.0000,2.0000,0.0000,2.9620,875,2026-09-30T19:57:56.496Z,opp_95be3390e0c5c737a685678c,sha256:9926e20025891e453e2ef727a010fafedf93ee88d08fc5cfd03ffffdd0c72a7c
2026-09-30T20:03:30.302Z,GOOGL,funding_differential,trade.xyz,345.133998,345.15,Bitget,346.028140,345.94,2500,21017.47,25.9071,-0.0625,15.0000,2.0000,0.0000,8.8446,1222,2026-09-30T20:03:38.213Z,opp_03cfa494798d8c7627edecdf,sha256:d554f5287a4dd89f513d4f09cc6bc546277b226f596224e2ca73e69cc8ee43c1
2026-09-30T20:03:30.302Z,GOOGL,perp_spread,trade.xyz,345.133998,345.15,Bitget,346.028140,345.94,2500,21017.47,25.9071,-0.0625,15.0000,2.0000,0.0000,8.8446,1427,2026-09-30T20:03:10.213Z,opp_0ccd20c436896ce295e05926,sha256:64e94294641c01bef94e45f757d440607958dac48fc65b5b406aa44ce43d6b88
2026-09-30T20:03:30.302Z,GOOGL,perp_spread,trade.xyz,345.133998,345.15,Bitget,346.028140,345.94,2500,21017.47,25.9071,-0.0625,15.0000,2.0000,0.0000,8.8446,1222,2026-09-30T20:03:10.213Z,opp_53881a94cb4faa22e02e69bf,sha256:5b9b0b1fc4f86d959a271722d0227d09ff17642de005c4ee4c43a7347e43fcdc
2026-09-30T20:03:30.302Z,GOOGL,perp_spread,trade.xyz,345.133998,345.15,Bitget,346.371573,346.26,2500,21017.47,35.8578,-0.0625,15.0000,2.0000,0.0000,18.7953,1769,2026-09-30T20:03:10.213Z,opp_832bcfaeaaa9f4ae7c343fbd,sha256:1d3e9f2f193522dba0514357054f68117cb87e01b018d022a465e7fdb0d4773f
2026-09-30T20:03:30.302Z,GOOGL,funding_differential,trade.xyz,345.133998,345.15,Bitget,346.371573,346.26,2500,21017.47,35.8578,-0.0625,15.0000,2.0000,0.0000,18.7953,1769,2026-09-30T20:03:38.213Z,opp_d1a3fc735a11022c6e3c945d,sha256:2793c7cbc9c5ec6733eec57e328f3b8fb73f5eb43b43642a781f2583eb133f61
2026-09-30T20:03:30.302Z,GOOGL,perp_spread,trade.xyz,345.580000,345.58,Bitget,346.334542,346.21,2500,27162.04,21.8341,-0.0625,15.0000,2.0000,0.0000,4.7716,1653,2026-09-30T20:03:10.838Z,opp_e3fc5c2510b2c132b6847013,sha256:01fc02355074f75bf7e77c13a2f2a3fe8bf79301ed9e7ac88c2bcead82eb102d
2026-09-30T20:06:18.991Z,GOOGL,funding_differential,trade.xyz,347.580000,347.58,Bitget,348.534015,348.53,2500,25689.14,27.4474,-0.0625,15.0000,2.0000,0.0000,10.3849,1410,2026-09-30T20:04:59.133Z,opp_0ee6c03a90eef729df509443,sha256:c17a8488874a50fc8369eee387f45b274ed864b7481a9f7a9fe6053d034de16c
2026-09-30T20:06:18.991Z,GOOGL,perp_spread,trade.xyz,346.980000,346.98,Bitget,347.862851,347.74,2500,21859.47,25.4439,-0.0625,15.0000,2.0000,0.0000,8.3814,985,2026-09-30T20:04:30.022Z,opp_119f6ea37ee67d4ff2300ad0,sha256:bf9b400cc26a60a4646e58c1e666020ecab0afec08f95c4963d448971d79c621
2026-09-30T20:06:18.991Z,GOOGL,perp_spread,trade.xyz,347.660000,347.66,Bitget,348.632958,348.53,2500,19086.51,27.9859,-0.0625,15.0000,2.0000,0.0000,10.9234,1330,2026-09-30T20:04:31.641Z,opp_6748cc330d39e155290c1c71,sha256:b636c7eaca5e5172f106226599743d9a73703d904d66161beeca95c687a78cf4
2026-09-30T20:06:18.991Z,GOOGL,funding_differential,trade.xyz,347.660000,347.66,Bitget,348.632958,348.53,2500,19086.51,27.9859,-0.0625,15.0000,2.0000,0.0000,10.9234,1330,2026-09-30T20:04:59.641Z,opp_6a48c71a7b02ce4c874c3acc,sha256:75d6d60d11fcc8936ee5e63eaafef5777f611b26c4a86ccd7ba68c8473e84cd8
2026-09-30T20:06:18.991Z,GOOGL,funding_differential,trade.xyz,347.069500,347.07,Bitget,347.876291,347.81,2500,6530.70,23.2458,-0.0625,15.0000,2.0000,0.0000,6.1833,887,2026-09-30T20:04:58.632Z,opp_8eee1c8a7f62679efe014e1e,sha256:0f60e61f488d475843c704b2701b544c4ddd462bb39f380950459f2305a1f5c7
2026-09-30T20:06:18.991Z,GOOGL,perp_spread,trade.xyz,346.980000,346.98,Bitget,347.862851,347.74,2500,21859.47,25.4439,-0.0625,15.0000,2.0000,0.0000,8.3814,1218,2026-09-30T20:04:30.022Z,opp_949560df486ad3877b529d94,sha256:c594382b1c6fc33bc0e3d164d8df32f2608dd5f7879a83ae02db5a33e529ead9
2026-09-30T20:06:18.991Z,GOOGL,perp_spread,trade.xyz,347.580000,347.58,Bitget,348.534015,348.53,2500,25689.14,27.4474,-0.0625,15.0000,2.0000,0.0000,10.3849,1410,2026-09-30T20:04:31.133Z,opp_95d5598b11200ae15809e4b2,sha256:f382060caa020634c0a5229a73e579674bec3360f61ae3b991cbb3a40faf4aee
2026-09-30T20:06:18.991Z,GOOGL,funding_differential,trade.xyz,346.980000,346.98,Bitget,347.862851,347.74,2500,21859.47,25.4439,-0.0625,15.0000,2.0000,0.0000,8.3814,985,2026-09-30T20:04:58.022Z,opp_a9742258d68754ecdfd9dd14,sha256:6371fbfa011c1d7eaeeba9d9ee3f5e3eeddb098880f2797b1d9220267ed45b06
2026-09-30T20:06:18.991Z,GOOGL,funding_differential,trade.xyz,347.781707,348.1,Bitget,348.401739,348.36,2500,4471.02,17.8282,-0.0625,15.0000,2.0000,0.0000,0.7657,1357,2026-09-30T20:05:00.159Z,opp_b17f5781ece211b9ed1a637a,sha256:92850a6f366d0155b9615d9e91836dca6981e510519ed5d1f1cfe5d07ea79cbf
2026-09-30T20:06:18.991Z,GOOGL,perp_spread,trade.xyz,347.069500,347.07,Bitget,347.876291,347.81,2500,6530.70,23.2458,-0.0625,15.0000,2.0000,0.0000,6.1833,887,2026-09-30T20:04:30.632Z,opp_ed920ee4125427739907dfe8,sha256:cc4399c5c4323080d4b9aa15baf48746f538f0fc33ca80e9de76b881d99cf8b7
2026-09-30T20:06:18.991Z,GOOGL,perp_spread,trade.xyz,347.781707,348.1,Bitget,348.401739,348.36,2500,4471.02,17.8282,-0.0625,15.0000,2.0000,0.0000,0.7657,1357,2026-09-30T20:04:32.159Z,opp_ff5b82ba90c68666af2c3680,sha256:76b20dbfb3489440bd9d881e5fe1c7c9733ee543940d638dc61b57cd54a374e2
2026-09-30T20:06:18.994Z,GOOGL,perp_spread,trade.xyz,347.839626,347.85,Bitget,348.481863,348.42,2500,20412.02,18.4636,-0.0625,15.0000,2.0000,0.0000,1.4011,1101,2026-09-30T20:04:37.605Z,opp_026eb581c588ceac28c5d3f4,sha256:c462edf2a772999bb70fd624a64a4ef2c6afddc6bf1ab2b68b9042b48b3ad97d
2026-09-30T20:06:18.994Z,GOOGL,perp_spread,trade.xyz,348.244893,348.29,Bitget,349.006460,348.96,2500,16977.75,21.8687,-0.0625,15.0000,2.0000,0.0000,4.8062,1082,2026-09-30T20:04:41.282Z,opp_2529b2a808c2ddd069a36282,sha256:0bb2572744266c81fed26d9721f4736b0e64a3acc9d4f19da38abf0c4c767865
2026-09-30T20:06:18.994Z,GOOGL,funding_differential,trade.xyz,347.900000,347.9,Bitget,349.006460,348.96,2500,20995.85,31.8040,-0.0625,15.0000,2.0000,0.0000,14.7415,1339,2026-09-30T20:05:08.748Z,opp_8e0cf1685b9462df9cdb2497,sha256:6763095e2bfc08f9532f467f08a98daf9398c2993eb0c4f0a5b50afa9b94f6f8
2026-09-30T20:06:18.994Z,GOOGL,funding_differential,trade.xyz,347.839626,347.85,Bitget,348.481863,348.42,2500,20412.02,18.4636,-0.0625,15.0000,2.0000,0.0000,1.4011,1101,2026-09-30T20:05:05.605Z,opp_91d47456de94f1de38fab0ea,sha256:a590abe725ee31ee87b3012d1a42095b91d837b123c20c899efcc4e9a42b3d7c
2026-09-30T20:06:18.994Z,GOOGL,funding_differential,trade.xyz,348.244893,348.29,Bitget,349.006460,348.96,2500,16977.75,21.8687,-0.0625,15.0000,2.0000,0.0000,4.8062,1082,2026-09-30T20:05:09.282Z,opp_c1e5232bb46ecec000cf1e26,sha256:9e15d6636d4d7fd5b31262cc68878cb7685f1107bc942e6da82a1d1cadf4dc58
2026-09-30T20:06:18.994Z,GOOGL,perp_spread,trade.xyz,347.900000,347.9,Bitget,349.006460,348.96,2500,20995.85,31.8040,-0.0625,15.0000,2.0000,0.0000,14.7415,1339,2026-09-30T20:04:40.748Z,opp_d9712b4b4c99a8e5ba85cafc,sha256:9ead05f9b8a990da19a3d8145ea668d38fec952dcb4e92f91c44c3d6ffe790d8
2026-09-30T20:06:18.994Z,GOOGL,funding_differential,trade.xyz,347.900000,347.9,Bitget,348.569813,348.55,2500,20995.85,19.2530,-0.0625,15.0000,2.0000,0.0000,2.1905,1026,2026-09-30T20:05:08.748Z,opp_df8194fa4dfc1d09ffd3ad57,sha256:3b360eb806b4747cac2e1e4aad1e1d0b669652a2c54032f694839f460b22d8c5
2026-09-30T20:06:18.994Z,GOOGL,perp_spread,trade.xyz,347.900000,347.9,Bitget,348.569813,348.55,2500,20995.85,19.2530,-0.0625,15.0000,2.0000,0.0000,2.1905,1026,2026-09-30T20:04:40.748Z,opp_f9d1b49173453235571e745e,sha256:5168ef303d00f2b146e06332eff4a01679bc42bf9c17c620edb792d8c57ca547
2026-09-30T20:06:18.999Z,GOOGL,funding_differential,trade.xyz,348.750000,348.75,Bitget,349.570989,349.43,2500,27014.78,23.5409,-0.0625,15.0000,2.0000,0.0000,6.4784,794,2026-09-30T20:05:15.374Z,opp_7c3266157442de20d899fa6c,sha256:9961a60fd7bf794996950bf6a94b3fb1b01699393eeb24a2c96079c7c4f3d736
2026-09-30T20:06:18.999Z,GOOGL,perp_spread,trade.xyz,348.750000,348.75,Bitget,349.570989,349.43,2500,27014.78,23.5409,-0.0625,15.0000,2.0000,0.0000,6.4784,794,2026-09-30T20:04:47.374Z,opp_bab811ecb42d4b3ec172d550,sha256:98162730c884e809ceee361420671f225157bad5470815da4bf46fbf8f3d10e3
2026-09-30T20:06:19.005Z,GOOGL,perp_spread,trade.xyz,348.750000,348.75,Bitget,349.582636,349.47,2500,27014.78,23.8749,-0.0625,15.0000,2.0000,0.0000,6.8124,1229,2026-09-30T20:04:47.374Z,opp_794227a4b374d424a3da63e1,sha256:afba40a039796c35f0446b6d6bd3bcc1e5b89d7277624323a536ee2e2db2418e
2026-09-30T20:06:19.005Z,GOOGL,perp_spread,trade.xyz,348.750000,348.75,Bitget,349.725900,349.67,2500,27014.78,27.9828,-0.0625,15.0000,2.0000,0.0000,10.9203,1520,2026-09-30T20:04:47.374Z,opp_817a779019206dc719fc9a8a,sha256:777d89042761677cef2e7d00bc71f5fad719fdbc2c3b44bae60cecc72908e8aa
2026-09-30T20:06:19.005Z,GOOGL,perp_spread,trade.xyz,349.310000,349.31,Bitget,350.034998,350.03,2500,18764.10,20.7552,-0.0625,15.0000,2.0000,0.0000,3.6927,1344,2026-09-30T20:04:49.450Z,opp_ab45685e2d905daca24a7de1,sha256:7669b3356ed0beb9f7e320dc0cf1c59f07101cf856c99a4b1ccc6b77a9f32f02
2026-09-30T20:06:19.005Z,GOOGL,funding_differential,trade.xyz,348.750000,348.75,Bitget,349.725900,349.67,2500,27014.78,27.9828,-0.0625,15.0000,2.0000,0.0000,10.9203,1520,2026-09-30T20:05:15.374Z,opp_b09d99d956ce7dfaf36474d6,sha256:60278ed2cc74831c0db65a48307e9522807d9f6f6e76b972c7c56f5be93dc691
2026-09-30T20:06:19.005Z,GOOGL,funding_differential,trade.xyz,349.310000,349.31,Bitget,350.034998,350.03,2500,18764.10,20.7552,-0.0625,15.0000,2.0000,0.0000,3.6927,1344,2026-09-30T20:05:17.450Z,opp_d83122936675e8904ad6568b,sha256:635b08fa854a5d110b5aa0010a98dd214b5fb14dde93c7b8536e9ead74f651fc
2026-09-30T20:06:19.008Z,GOOGL,funding_differential,trade.xyz,350.914366,350.92,Bitget,351.627399,351.6,2500,20333.00,20.3193,-0.0625,15.0000,2.0000,0.0000,3.2568,982,2026-09-30T20:05:22.950Z,opp_2067170f377f7a2da37ef809,sha256:63e9a60ca5558c2680f933e62d9117ee92451f5cbcfe972c869cc35f7b8d746d
2026-09-30T20:06:19.008Z,GOOGL,perp_spread,trade.xyz,350.914366,350.92,Bitget,351.627399,351.6,2500,20333.00,20.3193,-0.0625,15.0000,2.0000,0.0000,3.2568,982,2026-09-30T20:04:54.950Z,opp_e94915d5b4c6f3f7ea7d3b72,sha256:71d3b9b02495cdaa5fc74e2dc4f65660c32c42276dc4681faf80c2657bbf141c
2026-09-30T20:06:19.029Z,MSTR,perp_spread,trade.xyz,152.520000,152.52,Bitget,152.799008,152.78,2500,122723.30,18.2932,-0.5786,15.0000,2.0000,0.0000,0.7146,1697,2026-09-30T20:05:19.713Z,opp_8e4e5c4d0c068ae9ea6c2e8a,sha256:0f4cd05bc7e207c214280ecd6eadd09ca3f96a99b7b9f0930d79a065649adf9f
2026-09-30T20:07:41.221Z,GOOGL,perp_spread,trade.xyz,355.130000,355.13,Bitget,356.210689,356.07,2500,116766.46,30.4308,-0.0625,15.0000,2.0000,0.0000,13.3683,1512,2026-09-30T20:05:58.063Z,opp_7327a188f09f62948aea0bf9,sha256:d4d505c77d1ef53a0a170ddc694c0e3371f685292cf32d33a2340244a562c71e
2026-09-30T20:07:41.221Z,GOOGL,perp_spread,trade.xyz,355.240000,355.24,Bitget,356.017279,355.83,2500,107081.57,21.8804,-0.0625,15.0000,2.0000,0.0000,4.8179,1174,2026-09-30T20:05:57.528Z,opp_87c226fba9ffe7a9096eeffa,sha256:cd8470fe61fb183fcfaf48f8b5dd5a8eb069b94dca9b129589e2010f1769abb2
2026-09-30T20:07:41.221Z,GOOGL,perp_spread,trade.xyz,354.900000,354.9,Bitget,355.538760,355.53,2500,113416.55,17.9983,-0.0625,15.0000,2.0000,0.0000,0.9358,960,2026-09-30T20:05:54.903Z,opp_8884f93fbde7e0059278c371,sha256:841e0c7043624cc89c6988bd45f2b4061c6e78b1d37d717d024a5177597446c1
2026-09-30T20:07:41.221Z,GOOGL,funding_differential,trade.xyz,355.240000,355.24,Bitget,356.210689,356.07,2500,107081.57,27.3249,-0.0625,15.0000,2.0000,0.0000,10.2624,1635,2026-09-30T20:06:25.528Z,opp_8c822b3e59efa624a5a41cb7,sha256:3a296b0b7b2a814ae4e03fe3e43864a7dc143896c786ec444144d0f690d63228
2026-09-30T20:07:41.221Z,GOOGL,funding_differential,trade.xyz,355.240000,355.24,Bitget,356.017279,355.83,2500,107081.57,21.8804,-0.0625,15.0000,2.0000,0.0000,4.8179,1174,2026-09-30T20:06:25.528Z,opp_bf4b4e0d446d4e249cdac3b6,sha256:2f29009c85ed95b1294a7b606416c7e4b575bafbdad15e0be7e8e905e1db4805
2026-09-30T20:07:41.221Z,GOOGL,perp_spread,trade.xyz,355.240000,355.24,Bitget,356.210689,356.07,2500,107081.57,27.3249,-0.0625,15.0000,2.0000,0.0000,10.2624,1635,2026-09-30T20:05:57.528Z,opp_e3f8519ade6139cea7fcee00,sha256:5a01a3fe4d90d29a44c7967f486c6614bb911575bc4ec3976eeb2b3b81f11994
2026-09-30T20:07:41.222Z,GOOGL,perp_spread,trade.xyz,356.810000,356.81,Bitget,357.721767,357.61,2500,17531.73,25.5533,-0.0625,15.0000,2.0000,0.0000,8.4908,1950,2026-09-30T20:06:06.255Z,opp_3ef7427a227a5a01cd4d7ed1,sha256:7148ec635c3771128e49aedaf836d0006e32c33d479d3a3e45a2ec067d60d3d8
2026-09-30T20:07:41.225Z,META,perp_spread,trade.xyz,724.090000,724.09,Bitget,725.417719,725.14,2500,13814.39,18.3364,-0.0625,15.0000,2.0000,0.0000,1.2739,1116,2026-09-30T20:06:52.773Z,opp_49803385f40860d8c90b71e2,sha256:9ea1e1147321b9a6ff1e6e6f7f1ac4309548452c8b1c3037bc7b96b6b08b41d6
2026-09-30T20:07:41.225Z,GOOGL,funding_differential,trade.xyz,352.850000,352.85,Bitget,353.619972,353.61,2500,24399.55,21.8215,-0.1109,15.0000,2.0000,0.0000,4.7106,1155,2026-09-30T20:07:10.583Z,opp_6ab81537a93fbb88151aa713,sha256:c6d705a1c7a70c380671afb3ac09e992a02854cf77fac19857ce16882cb727d5
2026-09-30T20:07:41.225Z,META,funding_differential,trade.xyz,724.090000,724.09,Bitget,725.417719,725.14,2500,13814.39,18.3364,-0.0625,15.0000,2.0000,0.0000,1.2739,1116,2026-09-30T20:07:20.773Z,opp_9b7add8f9dab3be473562666,sha256:a32915c2cf76c9db75176872d72ae143392e27e26bce61316e97f2f958d4951d
2026-09-30T20:07:41.225Z,META,perp_spread,trade.xyz,724.090000,724.09,Bitget,725.417719,725.14,2500,15291.29,18.3364,-0.0625,15.0000,2.0000,0.0000,1.2739,1359,2026-09-30T20:06:52.246Z,opp_aef70aea30f64180e0f0fd2c,sha256:a3eccee2dcb9a49c42d278827f21490125ed08f0ace575c5c932f0cba43dfaf4
2026-09-30T20:07:41.225Z,GOOGL,perp_spread,trade.xyz,352.850000,352.85,Bitget,353.619972,353.61,2500,24399.55,21.8215,-0.1109,15.0000,2.0000,0.0000,4.7106,1155,2026-09-30T20:06:42.583Z,opp_d12eee0614a82fd3cca01103,sha256:65c7742946711fe2d343ca146f27b810c97b816dd3f6d58b602161575fd16dab
2026-09-30T20:07:41.226Z,GOOGL,funding_differential,trade.xyz,353.410000,353.41,Bitget,354.625136,354.6,2500,12374.22,34.3832,-0.1109,15.0000,2.0000,0.0000,17.2722,1035,2026-09-30T20:07:22.965Z,opp_2c05f916f0a38056747e0b17,sha256:7d67598e6c5479ec24d6320f1571293b61020a1dbe9b9c3b815a8d8b293dfe66
2026-09-30T20:07:41.226Z,GOOGL,perp_spread,trade.xyz,353.605202,353.61,Bitget,354.438870,354.39,2500,17672.34,23.5762,-0.1109,15.0000,2.0000,0.0000,6.4653,789,2026-09-30T20:06:59.261Z,opp_3ec6bce1296847a1dd85432f,sha256:1e2014adc615cd3a4ad335fe8e1ad118f91162779f0f93c2d28e457b7356a9e1
2026-09-30T20:07:41.226Z,GOOGL,funding_differential,trade.xyz,353.605202,353.61,Bitget,354.786074,354.78,2500,17672.34,33.3952,-0.1109,15.0000,2.0000,0.0000,16.2843,1184,2026-09-30T20:07:27.261Z,opp_6618bc7e94df991ce7a50cdb,sha256:792da13166e4293ea5846ead09bf06bf659f98768acce28e85936db545cc1c54
2026-09-30T20:07:41.226Z,GOOGL,perp_spread,trade.xyz,353.410000,353.41,Bitget,354.205687,354.18,2500,12374.22,22.5146,-0.1109,15.0000,2.0000,0.0000,5.4036,843,2026-09-30T20:06:54.965Z,opp_6ceccf92f71ad4bf1351e768,sha256:062f56c97e03d33159aa193d6c6b69c1387f64ec52377cfbf3e41d0e29b47325
2026-09-30T20:07:41.226Z,GOOGL,perp_spread,trade.xyz,353.605202,353.61,Bitget,354.438870,354.39,2500,17672.34,23.5762,-0.1109,15.0000,2.0000,0.0000,6.4653,647,2026-09-30T20:06:59.261Z,opp_71abaae8db1bb5c4cc403807,sha256:c3bfaf983d457474edb306a750b7dfea51b8e807d86c4ebd0e42bda607b3c2b5
2026-09-30T20:07:41.226Z,GOOGL,perp_spread,trade.xyz,353.410000,353.41,Bitget,354.625136,354.6,2500,12374.22,34.3832,-0.1109,15.0000,2.0000,0.0000,17.2722,1035,2026-09-30T20:06:54.965Z,opp_78902e69d65c5abb9acf5580,sha256:83520454bd9316b5a90d1f7916d134f555176528004b31d149fe2d36f6f7e4a3
2026-09-30T20:07:41.226Z,GOOGL,perp_spread,trade.xyz,353.950000,353.95,Bitget,354.786074,354.78,2500,9544.46,23.6212,-0.1109,15.0000,2.0000,0.0000,6.5103,847,2026-09-30T20:06:59.826Z,opp_7f72bf062378f53b0ee52fed,sha256:617c2cb9ca5984f6898fadd29534dacec55be0be983bccec973c5211cdf4578e
2026-09-30T20:07:41.226Z,GOOGL,perp_spread,trade.xyz,353.440000,353.44,Bitget,354.205687,354.18,2500,21878.86,21.6638,-0.1109,15.0000,2.0000,0.0000,4.5529,1241,2026-09-30T20:06:54.429Z,opp_84a94b0b631a96ac5042fbc9,sha256:eac7f1d14f5bd99b8c7d0ba67173f7dc96a8e74414dc48f8224112bbd28813fa
2026-09-30T20:07:41.226Z,GOOGL,funding_differential,trade.xyz,353.605202,353.61,Bitget,354.438870,354.39,2500,17672.34,23.5762,-0.1109,15.0000,2.0000,0.0000,6.4653,1016,2026-09-30T20:07:27.261Z,opp_96ababb7309061281fbc1eb4,sha256:8cd308890c0b74d69e69faffeeb01bad04a41e742a89cf9b165e71332166750e
2026-09-30T20:07:41.226Z,GOOGL,funding_differential,trade.xyz,353.605202,353.61,Bitget,354.438870,354.39,2500,17672.34,23.5762,-0.1109,15.0000,2.0000,0.0000,6.4653,647,2026-09-30T20:07:27.261Z,opp_dc67c9f0433a3c4ffeffa501,sha256:8e3880e549d3115da5d19cf4cd6300c77c9b3da5b270c692abaa32637ef5ebad
2026-09-30T20:07:41.226Z,GOOGL,perp_spread,trade.xyz,353.605202,353.61,Bitget,354.438870,354.39,2500,17672.34,23.5762,-0.1109,15.0000,2.0000,0.0000,6.4653,1016,2026-09-30T20:06:59.261Z,opp_e6efc14e95589dedbd7ef44c,sha256:f88dbd73053f61fc06672e133a2d2c9f7ff938d3e4b4a62553113f2588369d79
2026-09-30T20:07:41.226Z,GOOGL,perp_spread,trade.xyz,353.605202,353.61,Bitget,354.786074,354.78,2500,17672.34,33.3952,-0.1109,15.0000,2.0000,0.0000,16.2843,1184,2026-09-30T20:06:59.261Z,opp_f066a509e649b2d366446e87,sha256:5efec7f04500b3e4411f313e044c7414ddedde512910d4abc3fde57d66c91040
2026-09-30T20:07:41.226Z,GOOGL,funding_differential,trade.xyz,353.950000,353.95,Bitget,354.786074,354.78,2500,9544.46,23.6212,-0.1109,15.0000,2.0000,0.0000,6.5103,847,2026-09-30T20:07:27.826Z,opp_f172df79252f0963f7334558,sha256:107c1747dd0cc48d2deb25d2671905a434deff35118c164452a8253ea66a2f0e
2026-09-30T20:07:41.227Z,GOOGL,perp_spread,trade.xyz,354.300000,354.3,Bitget,354.931362,354.9,2500,10036.59,17.8200,-0.1109,15.0000,2.0000,0.0000,0.7090,601,2026-09-30T20:07:00.441Z,opp_1c68074533b25377831e1d04,sha256:22135fc9a1523715b256a7441e2e3c49ee27f296f58073e2af9f6822ad174b37
2026-09-30T20:07:41.227Z,GOOGL,perp_spread,trade.xyz,353.950000,353.95,Bitget,354.931362,354.9,2500,9544.46,27.7260,-0.1109,15.0000,2.0000,0.0000,10.6151,1053,2026-09-30T20:06:59.826Z,opp_3930066e73ab2a0894612c2d,sha256:5fa49070344cd6d03e926c89921b612f6ffbbaa8d244ad7e3676ed103ba1c960
2026-09-30T20:07:41.227Z,GOOGL,funding_differential,trade.xyz,353.950000,353.95,Bitget,354.931362,354.9,2500,9544.46,27.7260,-0.1109,15.0000,2.0000,0.0000,10.6151,1053,2026-09-30T20:07:27.826Z,opp_4053366d4cf61905eba6039b,sha256:e9207396ef49c53d8abcb31ad2166b6f6110c806df579474b456fd921ea09db3
2026-09-30T20:07:41.227Z,GOOGL,perp_spread,trade.xyz,354.300000,354.3,Bitget,354.959967,354.95,2500,10036.59,18.6274,-0.1109,15.0000,2.0000,0.0000,1.5164,1010,2026-09-30T20:07:00.441Z,opp_650bae58d77caae99e5aa25c,sha256:ef81c08f4550fdfe28dee0dcee30a7b3015a33a9d8c19233aea71695c175e0c3
2026-09-30T20:07:41.227Z,GOOGL,funding_differential,trade.xyz,354.300000,354.3,Bitget,354.959967,354.95,2500,10036.59,18.6274,-0.1109,15.0000,2.0000,0.0000,1.5164,1010,2026-09-30T20:07:28.441Z,opp_7c6807e4671da2abfac1cf7a,sha256:3a8639f8d61d24b7fbc2293cc28f71f1dd60f87a9a71af9293f680d485a96566
2026-09-30T20:07:41.227Z,GOOGL,funding_differential,trade.xyz,354.300000,354.3,Bitget,354.931362,354.9,2500,10036.59,17.8200,-0.1109,15.0000,2.0000,0.0000,0.7090,601,2026-09-30T20:07:28.441Z,opp_aee830278c9977bd8983001f,sha256:7afc20f04df0a43175f36e00c6a660160df37363903ca6ab0906148c6ced8e75
2026-09-30T20:07:41.227Z,GOOGL,perp_spread,trade.xyz,355.710000,355.71,Bitget,356.418620,356.33,2500,15378.37,19.9213,-0.1109,15.0000,2.0000,0.0000,2.8104,1735,2026-09-30T20:07:05.523Z,opp_bb9143590d74706f82ac301c,sha256:b7b6d8548eb655851edb3ed87d98ec02de812a23cfd7875a787be3aeecf2f234
2026-09-30T20:07:49.955Z,GOOGL,perp_spread,trade.xyz,357.549682,357.55,Bitget,358.891408,358.84,2500,12620.57,37.5256,-0.1109,15.0000,2.0000,0.0000,20.4146,1130,2026-09-30T20:07:12.550Z,opp_005a191c06fa27e7aa49666d,sha256:1d6f04b6d372e475608bccb5e82fffc574e07da9d5731d95518bf970e06b4177
2026-09-30T20:07:49.955Z,GOOGL,perp_spread,trade.xyz,356.590000,356.59,Bitget,358.567237,358.45,2500,12384.02,55.4485,-0.1109,15.0000,2.0000,0.0000,38.3375,817,2026-09-30T20:07:11.976Z,opp_1f571c07c2fe9164fdd722fe,sha256:84caec5f7baf746c2493d202267944346bd9480585a2fd9e52347751915d44b7
2026-09-30T20:07:49.955Z,GOOGL,perp_spread,trade.xyz,357.549682,357.55,Bitget,358.898873,358.77,2500,12620.57,37.7344,-0.1109,15.0000,2.0000,0.0000,20.6234,1646,2026-09-30T20:07:12.550Z,opp_7315c80990519ac8810d36ec,sha256:2e06973485757a60f95b720220b731e6ea42da2bf93010fb7f08770f59881c15
2026-09-30T20:07:49.955Z,GOOGL,perp_spread,trade.xyz,355.605892,355.61,Bitget,357.048485,356.83,2500,17343.73,40.5672,-0.1109,15.0000,2.0000,0.0000,23.4563,1036,2026-09-30T20:07:10.862Z,opp_95c701ee2162eadee38fa5c0,sha256:55d22dcd2c83e87c23def9372692ff2f5290b95f8ed637a3648c2e28761697e4
2026-09-30T20:07:49.955Z,GOOGL,funding_differential,trade.xyz,356.590000,356.59,Bitget,358.567237,358.45,2500,12384.02,55.4485,-0.1109,15.0000,2.0000,0.0000,38.3375,817,2026-09-30T20:07:39.976Z,opp_98478a1dee22779ebc3910be,sha256:b8f2953df1079348b7b4387e7c736d0ee729eb8acd3dd2bf423c2bb3179ed7ef
2026-09-30T20:07:49.955Z,GOOGL,perp_spread,trade.xyz,357.549682,357.55,Bitget,358.891408,358.84,2500,12620.57,37.5256,-0.1109,15.0000,2.0000,0.0000,20.4146,856,2026-09-30T20:07:12.550Z,opp_9a9e48651548d5433bca0190,sha256:c2e590281a0980923c570cf5df00736dc9cfcbc88967c62adc3a2c9909820af3
2026-09-30T20:07:49.955Z,GOOGL,funding_differential,trade.xyz,355.605892,355.61,Bitget,357.048485,356.83,2500,17343.73,40.5672,-0.1109,15.0000,2.0000,0.0000,23.4563,1036,2026-09-30T20:07:38.862Z,opp_a5b2db538ee738f1d6bc9398,sha256:d9d33d4edc6d2b8a14dcf4ea16e5c9d66d6d9c83af2dd5eb47bcedc85e8d50d2
2026-09-30T20:07:49.955Z,GOOGL,perp_spread,trade.xyz,358.075812,358.15,Bitget,359.062427,359.06,2500,10343.23,27.5532,-0.1109,15.0000,2.0000,0.0000,10.4423,1523,2026-09-30T20:07:16.398Z,opp_d2542c844ee8ab78b4e39136,sha256:d5c3ecfef6489db5da76c488206c917f8766016e7ba2de4f244d3334c5c615db
2026-09-30T20:07:49.955Z,GOOGL,funding_differential,trade.xyz,357.549682,357.55,Bitget,358.891408,358.84,2500,12620.57,37.5256,-0.1109,15.0000,2.0000,0.0000,20.4146,856,2026-09-30T20:07:40.550Z,opp_eda4d1b26a9345814daea474,sha256:06b7d37478495d299ce998c61c708c2098c7cf2ca7ab9107330eb0e5b1ca6a56
2026-09-30T20:07:49.955Z,GOOGL,funding_differential,trade.xyz,357.549682,357.55,Bitget,358.891408,358.84,2500,12620.57,37.5256,-0.1109,15.0000,2.0000,0.0000,20.4146,1130,2026-09-30T20:07:40.550Z,opp_ff6c2d49df69826b868e79bb,sha256:e1f849b7c5ea96309dc33855f9801de20c11a8c32996338608c1c0230068369e
2026-09-30T20:07:49.956Z,GOOGL,funding_differential,trade.xyz,358.670000,358.67,Bitget,359.909099,359.9,2500,4297.66,34.5470,-0.1109,15.0000,2.0000,0.0000,17.4361,1041,2026-09-30T20:07:46.011Z,opp_218a764e7e3c0e92b12b7776,sha256:401e43a8b3da613b627b0f6a0eae53c3659a5a8911f6014d29070ebd8254d4e1
2026-09-30T20:07:49.956Z,GOOGL,perp_spread,trade.xyz,358.420000,358.42,Bitget,359.193160,359.06,2500,7860.94,21.5713,-0.1109,15.0000,2.0000,0.0000,4.4604,1691,2026-09-30T20:07:16.931Z,opp_289fcb47534ec7244c24d7db,sha256:9be2a90c8f40863d473f3f062ad3cb6bdc2fe381aeed13e4be9910538d7154bb
2026-09-30T20:07:49.956Z,GOOGL,perp_spread,trade.xyz,358.670000,358.67,Bitget,359.909099,359.9,2500,4297.66,34.5470,-0.1109,15.0000,2.0000,0.0000,17.4361,1041,2026-09-30T20:07:18.011Z,opp_70c957d8e83d3174690503b1,sha256:7461fc1b80997b213f5fe9895f79ba7426009ba31f4c147f5071c0512357b1ea
2026-09-30T20:07:49.956Z,GOOGL,funding_differential,trade.xyz,358.670000,358.67,Bitget,359.735963,359.65,2500,4297.66,29.7199,-0.1109,15.0000,2.0000,0.0000,12.6089,1576,2026-09-30T20:07:46.011Z,opp_94c2bbea80faec5bbb8c75c9,sha256:70e419a8b0f7831604e28afe56240f31ddd0abde561c86956bbaa3602766e87c
2026-09-30T20:07:49.956Z,GOOGL,perp_spread,trade.xyz,358.420000,358.42,Bitget,359.193160,359.06,2500,7860.94,21.5713,-0.1109,15.0000,2.0000,0.0000,4.4604,1973,2026-09-30T20:07:16.931Z,opp_9da4650d10de6c91766c0e31,sha256:24b4b09f1d30f1047bc0eb4a873492e2386d21538bc8365052a6beaebd872ca5
2026-09-30T20:07:49.956Z,GOOGL,perp_spread,trade.xyz,358.670000,358.67,Bitget,359.909099,359.9,2500,4297.66,34.5470,-0.1109,15.0000,2.0000,0.0000,17.4361,1204,2026-09-30T20:07:18.011Z,opp_beb8013b0b5a305b2ce3f171,sha256:b42f161fea2a5c5b721c98560aa18582b825f68aadba4aa8f12155b01eb298cb
2026-09-30T20:07:49.956Z,GOOGL,funding_differential,trade.xyz,358.670000,358.67,Bitget,359.909099,359.9,2500,4297.66,34.5470,-0.1109,15.0000,2.0000,0.0000,17.4361,1204,2026-09-30T20:07:46.011Z,opp_c84a93cf02d838939d0c5fcc,sha256:c4d2ced300d3a2c4b54b6f8efd915d4df5e4cadf79e54c5c1d1268521b34aa8c
2026-09-30T20:07:49.956Z,GOOGL,perp_spread,trade.xyz,358.670000,358.67,Bitget,359.735963,359.65,2500,4297.66,29.7199,-0.1109,15.0000,2.0000,0.0000,12.6089,1576,2026-09-30T20:07:18.011Z,opp_f9f3ff44aac2047a96637dea,sha256:d88931a55bf0c44510c996159341ff553697d05d96e58457244d0508083e2953
2026-09-30T20:07:49.957Z,GOOGL,perp_spread,Bitget,357.294775,357.32,trade.xyz,358.428607,358.4,2500,11700.59,31.7338,0.1598,15.0000,2.0000,0.0000,14.8936,1262,2026-09-30T20:07:32.411Z,opp_992017d8020ab34b580bc7a6,sha256:a5aa45555ee85a48abac8993fa421bc430c2a4be8560cccf456344cbcdb1e04e
2026-09-30T20:07:49.957Z,GOOGL,funding_differential,trade.xyz,359.020000,359.02,Bitget,359.690905,359.66,2500,13725.67,18.6871,-0.1109,15.0000,2.0000,0.0000,1.5762,979,2026-09-30T20:07:49.185Z,opp_a9b37810773581bfca997830,sha256:5304332c330bf577f653281b62c77328bc6e154db9e47cb6fe8560ec239f59cd
2026-09-30T20:07:49.957Z,GOOGL,perp_spread,trade.xyz,359.020000,359.02,Bitget,359.690905,359.66,2500,13725.67,18.6871,-0.1109,15.0000,2.0000,0.0000,1.5762,979,2026-09-30T20:07:21.185Z,opp_c1e86b2b14b416b0c07a494c,sha256:52f5918454d52d2fe92a87f112e2467259afd9a8347e9b731587483c46d86e60
2026-09-30T20:07:49.958Z,GOOGL,funding_differential,trade.xyz,356.850000,356.85,Bitget,357.482717,357.48,2500,27457.93,17.7306,-0.1598,15.0000,2.0000,0.0000,0.5708,1018,2026-09-30T20:08:03.641Z,opp_182d07ab45cec3fd35bf2e05,sha256:5cc1fe5601c940e626a0ecf99ca4361a967e13e41e6eb2548bdc81da2960fd93
2026-09-30T20:07:49.958Z,GOOGL,perp_spread,Bitget,357.310377,357.33,trade.xyz,358.124399,358.12,2500,7417.67,22.7819,0.1598,15.0000,2.0000,0.0000,5.9417,1172,2026-09-30T20:07:32.978Z,opp_44e7727bf1690fcd6f6a20b5,sha256:9605225f9cda0a561a2634e4dcc0416b08a93befcaaee2d12bd20647f5bca803
2026-09-30T20:07:49.958Z,GOOGL,perp_spread,trade.xyz,356.850000,356.85,Bitget,357.482717,357.48,2500,27457.93,17.7306,-0.1598,15.0000,2.0000,0.0000,0.5708,1018,2026-09-30T20:07:35.641Z,opp_5d142aa0fa1f00638f95f7bd,sha256:164d9a4a9bf17473d58e94b11f775b8a5ccc1b2150ee11a7f32a48ce554fbea0
2026-09-30T20:07:49.958Z,GOOGL,perp_spread,Bitget,357.294775,357.32,trade.xyz,358.124399,358.12,2500,7417.67,23.2196,0.1598,15.0000,2.0000,0.0000,6.3794,873,2026-09-30T20:07:32.978Z,opp_8f6ff024d7e8531057997df3,sha256:11671b1473dba54d7c8ce9d8273c570493c63dbdfb310c8a3af2adf4e6f0c14c
2026-09-30T20:07:49.958Z,GOOGL,funding_differential,Bitget,357.310377,357.33,trade.xyz,358.124399,358.12,2500,7417.67,22.7819,0.1598,15.0000,2.0000,0.0000,5.9417,1172,2026-09-30T20:08:00.978Z,opp_d6c463c87a9d51359ed3da5c,sha256:e1464eeee295ba0f490221420ff8dd41a0cd330096a9beba7030e417cb05166a
2026-09-30T20:08:31.650Z,META,funding_differential,trade.xyz,723.690000,723.69,Bitget,725.537583,725.5,2500,44735.90,25.5300,-0.0625,15.0000,2.0000,0.0000,8.4675,1195,2026-09-30T20:08:26.652Z,opp_10b7c87efebfcf147a560eb2,sha256:70c27873b8320cf9ffd55e77341ca5f3d7ce385f4c444f5f4327c80eadf10536
2026-09-30T20:08:31.650Z,META,perp_spread,trade.xyz,723.180000,723.18,Bitget,725.327039,725.24,2500,13081.43,29.6889,-0.0625,15.0000,2.0000,0.0000,12.6264,982,2026-09-30T20:07:58.140Z,opp_1af6073d52a629804261e4d9,sha256:1c83938f2f4f74dd035e8a9facaac65aef7376436908a2d32c8051ba085f6872
2026-09-30T20:08:31.650Z,META,funding_differential,trade.xyz,723.180000,723.18,Bitget,725.327039,725.24,2500,13081.43,29.6889,-0.0625,15.0000,2.0000,0.0000,12.6264,982,2026-09-30T20:08:26.140Z,opp_886d676200bb4420457c30d0,sha256:53224f483472a7dbcec17749e8e71423395ce4c681b1f880d09c87a4ecc21aea
2026-09-30T20:08:31.650Z,META,perp_spread,trade.xyz,723.690000,723.69,Bitget,725.537583,725.5,2500,44735.90,25.5300,-0.0625,15.0000,2.0000,0.0000,8.4675,1195,2026-09-30T20:07:58.652Z,opp_bdd27d4d57515f1dc8aa3f8c,sha256:748001d085161d9e2f9af3c5fdce3a944c2e1f29a1ee5d602d3d382c6c7cfadd
2026-09-30T20:08:31.651Z,GOOGL,perp_spread,trade.xyz,353.980000,353.98,Bitget,354.701915,354.7,2500,22488.90,20.3942,-0.1598,15.0000,2.0000,0.0000,3.2345,995,2026-09-30T20:08:20.932Z,opp_9445f38bda9237a4e596ee5d,sha256:09eb2a4a3ffecf6ff223ec2da5ebcc12b26f6e404676ab29f2e093a344a76846
2026-09-30T20:08:31.652Z,GOOGL,funding_differential,trade.xyz,353.057764,353.07,Bitget,354.570920,354.55,2500,5098.33,42.8586,-0.1598,15.0000,2.0000,0.0000,25.6988,1134,2026-09-30T20:08:56.526Z,opp_17759934058bbe4747d881ef,sha256:153c3f8817d75bb7955f359a9cc33f3af29198852f5b50930232d11e665dd7f0
2026-09-30T20:08:31.652Z,GOOGL,perp_spread,trade.xyz,354.126639,354.13,Bitget,354.932272,354.93,2500,8293.00,22.7499,-0.1598,15.0000,2.0000,0.0000,5.5901,967,2026-09-30T20:08:29.660Z,opp_38d7faf445d79dc433f61cc7,sha256:f0670bfbd67c95cd97b3799b6910cc8bdb0d426fe1ca9cc04430901663e0bc6b
2026-09-30T20:08:31.652Z,GOOGL,perp_spread,trade.xyz,353.404798,353.42,Bitget,354.718333,354.65,2500,12338.61,37.1680,-0.1598,15.0000,2.0000,0.0000,20.0082,1026,2026-09-30T20:08:29.051Z,opp_4f78ed135c8f6bdfac48387b,sha256:690c6f597fa3ae2379fc1b7d2c80a9c0272f0201326958060c91e3917e36726f
2026-09-30T20:08:31.652Z,GOOGL,perp_spread,trade.xyz,354.126639,354.13,Bitget,354.932272,354.93,2500,8293.00,22.7499,-0.1598,15.0000,2.0000,0.0000,5.5901,1083,2026-09-30T20:08:29.660Z,opp_b62f849ed401457e90274f4e,sha256:8ab57f7286313100e45306567d1b318ca7291d86c69dda595a551942ec3be850
2026-09-30T20:08:31.652Z,GOOGL,perp_spread,trade.xyz,353.057764,353.07,Bitget,354.570920,354.55,2500,5098.33,42.8586,-0.1598,15.0000,2.0000,0.0000,25.6988,1134,2026-09-30T20:08:28.526Z,opp_b6cf258b18d92709caa39028,sha256:894585e58658a7457ee6cb83bdfbe5b4a2d60cb1d63ea30c2ee0e43cfd2844b4
2026-09-30T20:08:31.652Z,GOOGL,funding_differential,trade.xyz,353.404798,353.42,Bitget,354.718333,354.65,2500,12338.61,37.1680,-0.1598,15.0000,2.0000,0.0000,20.0082,1026,2026-09-30T20:08:57.051Z,opp_b8b33ea4e57f146500ba0ac4,sha256:53a3c7222ed84d7b45c4184416009207bdd86e854ed6aff83f6a30bea7099b46
2026-09-30T20:08:53.699Z,GOOGL,perp_spread,trade.xyz,353.555202,353.56,Bitget,354.833618,354.72,2500,16648.56,36.1589,-0.1046,15.0000,2.0000,0.0000,19.0543,707,2026-09-30T20:08:43.727Z,opp_12cfcfe45a304835eb9ee899,sha256:d052eabc8184723c446110a935b414dda921828ea873f65be5964f0e7c36e822
2026-09-30T20:08:53.699Z,GOOGL,funding_differential,trade.xyz,353.555202,353.56,Bitget,354.833618,354.72,2500,16648.56,36.1589,-0.1046,15.0000,2.0000,0.0000,19.0543,707,2026-09-30T20:09:11.727Z,opp_ba967d92f1480dd51eb33fc7,sha256:d0c7ce61c3e176d0a9d0c325a29d2a9154ee66beeb0acda1ca40db6ec4317428
2026-09-30T20:08:53.700Z,GOOGL,perp_spread,trade.xyz,353.555202,353.56,Bitget,355.026715,355.01,2500,16648.56,41.6205,-0.1046,15.0000,2.0000,0.0000,24.5158,1603,2026-09-30T20:08:43.727Z,opp_3e81060d11a977aa3b4ee5ec,sha256:cdee2209eeb1dcedbcc40c7e2eab4f1fdcb0f0123a97f5f4289410d2146c1598
2026-09-30T20:08:53.700Z,GOOGL,funding_differential,trade.xyz,353.555202,353.56,Bitget,355.026715,355.01,2500,16648.56,41.6205,-0.1046,15.0000,2.0000,0.0000,24.5158,1949,2026-09-30T20:09:11.727Z,opp_9675ed95d7dad178a6bda1df,sha256:b4042e6a09e8bc3cbc934adc26855c7685e8490ae339d0cc499a01b5a044d805
2026-09-30T20:08:53.700Z,GOOGL,funding_differential,trade.xyz,353.555202,353.56,Bitget,355.026715,355.01,2500,16648.56,41.6205,-0.1046,15.0000,2.0000,0.0000,24.5158,1603,2026-09-30T20:09:11.727Z,opp_eab8b36beaedf16a2aba9de6,sha256:310972e1aac7690f51fb66de214ce41a28c139e82d031cda725c7994afaeb623
2026-09-30T20:08:53.700Z,GOOGL,perp_spread,trade.xyz,353.555202,353.56,Bitget,355.026715,355.01,2500,16648.56,41.6205,-0.1046,15.0000,2.0000,0.0000,24.5158,1949,2026-09-30T20:08:43.727Z,opp_fee6f22d259b19d32336a004,sha256:0941bf423df7ee88628c622948ecb330eed5e23e881dee72bdf1818fce7fefe9
2026-09-30T20:10:40.649Z,GOOGL,funding_differential,trade.xyz,352.805198,352.81,Bitget,353.585864,353.49,2500,12248.56,22.1274,-0.0829,15.0000,2.0000,0.0000,5.0446,793,2026-09-30T20:10:53.023Z,opp_41e3b30bb3e5a320c870543a,sha256:b7ddb2c6a402ce06cc663492d1d1ea172c78a79d20d093e61d082bacff15c580
2026-09-30T20:10:40.649Z,GOOGL,perp_spread,trade.xyz,352.805198,352.81,Bitget,353.585864,353.49,2500,12248.56,22.1274,-0.0829,15.0000,2.0000,0.0000,5.0446,793,2026-09-30T20:10:25.023Z,opp_770c9a7a5536fd44b7412454,sha256:0bc2020ae32cd06bd48d914e7e506862a1bb830d2dacc4806200c5e866c3dea8
2026-09-30T20:13:44.802Z,GOOGL,funding_differential,trade.xyz,352.496000,352.5,Bitget,353.233391,353.19,2500,10865.55,20.9191,-0.1336,15.0000,2.0000,0.0000,3.7856,956,2026-09-30T20:12:49.549Z,opp_9e952fa64af7dc9c112069b8,sha256:1f75bfa8486bbf1560ea5ddaf4548aaae4b588b10f0981b1e76c6d03ece7e682
2026-09-30T20:13:44.802Z,GOOGL,perp_spread,trade.xyz,352.496000,352.5,Bitget,353.233391,353.19,2500,10865.55,20.9191,-0.1336,15.0000,2.0000,0.0000,3.7856,956,2026-09-30T20:12:21.549Z,opp_f0b184ee06a79973210d9358,sha256:5cae0d10e212dc1b46113da081565b3f67431040fe0f72aee64a044d6056c324
2026-09-30T20:14:58.925Z,GOOGL,perp_spread,trade.xyz,351.150000,351.15,Bitget,351.896754,351.84,2500,22199.34,21.2660,-0.1419,15.0000,2.0000,0.0000,4.1241,1135,2026-09-30T20:13:32.586Z,opp_3d9a9f2267eb57f5c28a9e9c,sha256:526118da631b199bf387e576b87c6a5eeef844c056f348bc0ec1b00a36442463
2026-09-30T20:14:58.926Z,GOOGL,funding_differential,trade.xyz,351.840000,351.84,Bitget,352.456661,352.4,2500,16840.69,17.5267,-0.1419,15.0000,2.0000,0.0000,0.3848,1268,2026-09-30T20:14:07.209Z,opp_68beee6a4eaf85eb56560cd2,sha256:68959c3f5f36f65631855ae7488e5b1a09b968d142f8545f5b3de8dced79d4d5
2026-09-30T20:14:58.926Z,GOOGL,perp_spread,trade.xyz,351.840000,351.84,Bitget,352.456661,352.4,2500,16840.69,17.5267,-0.1419,15.0000,2.0000,0.0000,0.3848,1268,2026-09-30T20:13:39.209Z,opp_9a1e1250529ffd133c70b25c,sha256:0be5ab0d3f5e4816f8bca54d427879293a35435f557c3345d9b400813ddc460d
2026-09-30T20:16:51.545Z,GOOGL,perp_spread,trade.xyz,351.999571,352.02,Bitget,352.688436,352.62,2500,3250.07,19.5700,-0.1790,15.0000,2.0000,0.0000,2.3910,1737,2026-09-30T20:14:55.604Z,opp_61110ecf72af0ed651c9be23,sha256:74883621f5e44a80885bb3dcc540b2e8939faa277469256899df279c78c41d34
2026-09-30T20:16:51.545Z,GOOGL,perp_spread,trade.xyz,351.999571,352.02,Bitget,352.656414,352.58,2500,3250.07,18.6603,-0.1790,15.0000,2.0000,0.0000,1.4813,1442,2026-09-30T20:14:55.604Z,opp_76e037bee2f549559829d97b,sha256:53889fa278dc946838e3486e154285927b62fc2e06da4b7432622b1bfd021f5b
2026-09-30T20:16:51.545Z,GOOGL,funding_differential,trade.xyz,351.999571,352.02,Bitget,352.688436,352.62,2500,3250.07,19.5700,-0.1790,15.0000,2.0000,0.0000,2.3910,1737,2026-09-30T20:15:23.604Z,opp_7ee0fc282741083ec5e95001,sha256:19ca9f7466afaee5d2fa6942e58b08110c93cf2f53c2637629ab92084fc5e4b0
2026-09-30T20:16:51.545Z,GOOGL,funding_differential,trade.xyz,351.999571,352.02,Bitget,352.656414,352.58,2500,3250.07,18.6603,-0.1790,15.0000,2.0000,0.0000,1.4813,1442,2026-09-30T20:15:23.604Z,opp_fccc3eb7830d6889ddf96289,sha256:1e44d5a93130ab675c8e230b7d486262408da3ce42e40dbf9edf01c93d15d932
2026-09-30T20:24:20.483Z,GOOGL,funding_differential,trade.xyz,349.196000,349.2,Bitget,349.822985,349.81,2500,16395.67,17.9551,-0.2099,15.0000,2.0000,0.0000,0.7452,1726,2026-09-30T20:24:10.579Z,opp_df56a57f65be45c478a26c41,sha256:72ba0cdea2962e3ff55ac87ac65b782a8254178dbb2f16ae3ffc350a66c9755a
2026-09-30T20:24:20.483Z,GOOGL,perp_spread,trade.xyz,349.196000,349.2,Bitget,349.822985,349.81,2500,16395.67,17.9551,-0.2099,15.0000,2.0000,0.0000,0.7452,1726,2026-09-30T20:23:42.579Z,opp_ebbe3713461a69b6c6fc7dce,sha256:48457395d5bc4fca2eeddf3cb9a702e4d10679ed67927c977ec6d7ec7dcfefd7
2026-09-30T20:28:24.759Z,HOOD,perp_spread,trade.xyz,112.906999,112.91,Bitget,113.106864,113.07,2500,59812.48,17.7017,-0.1372,15.0000,2.0000,0.0000,0.5644,871,2026-09-30T20:27:51.991Z,opp_09c1ba3ba835bfccdbc0afba,sha256:49f96f2597c657abb6be99e8090d41d68f85bf3c7c322311c8e21f11e05e33f5
2026-09-30T20:28:24.759Z,HOOD,funding_differential,trade.xyz,112.906999,112.91,Bitget,113.106864,113.07,2500,59812.48,17.7017,-0.1372,15.0000,2.0000,0.0000,0.5644,871,2026-09-30T20:28:19.991Z,opp_785f6ea663a77ed4602fe7f3,sha256:d6888fb867271b2cd63acd63459d10a8452899823acefb76392a7c89e3d57c14
2026-09-30T23:36:33.961Z,MSTR,perp_spread,trade.xyz,153.497536,153.52,Bitget,153.734549,153.72,2500,6792.28,15.4409,3.7710,15.0000,2.0000,0.0000,2.2119,682,2026-09-30T23:36:33.164Z,opp_211507cf6a437c688ed71d64,sha256:4ae91b3b94658aef6224e8c9c89026868629d9d11275e6c648b9c1ce1fe5ac3e
2026-09-30T23:36:33.961Z,MSTR,funding_differential,trade.xyz,153.497536,153.52,Bitget,153.734549,153.72,2500,6792.28,15.4409,3.7710,15.0000,2.0000,0.0000,2.2119,682,2026-09-30T23:37:01.164Z,opp_6918ee4a791b998d0fb40bcf,sha256:5b6ced5276f035d9cf1ad8302c8cb272d8e21a2ffd28b1efe22f334d4abd5c2f
2026-10-01T03:37:17.375Z,MSTR,perp_spread,trade.xyz,154.188922,154.23,Bitget,154.466170,154.45,2500,22605.75,17.9810,-0.1143,15.0000,2.0000,0.0000,0.8667,959,2026-10-01T03:37:07.126Z,opp_4effdf7ac92bc34071d5a99f,sha256:c6155ab32fcf0ec87ae80bd7eb3cbdf047985304c2cc61395df041becff55322
2026-10-01T03:39:29.593Z,MSTR,funding_differential,trade.xyz,154.388105,154.41,Bitget,154.660000,154.66,2500,12457.29,17.6112,-0.1021,15.0000,2.0000,0.0000,0.5090,739,2026-10-01T03:39:57.188Z,opp_409d1058556c0126e222f528,sha256:71aa8dcfda9eb11d36a49b8910984b489fbed462335f701955e9bf6fc3b3b575
2026-10-01T03:39:29.593Z,MSTR,perp_spread,trade.xyz,154.391209,154.44,Bitget,154.656186,154.65,2500,21142.81,17.1627,-0.1021,15.0000,2.0000,0.0000,0.0606,630,2026-10-01T03:39:29.724Z,opp_472526edca76df974c62501b,sha256:b3d0fd449a98fff29b7ba476bd32e88e262702d666d0df6119ee4391c9ad19e8
2026-10-01T03:39:29.593Z,MSTR,perp_spread,trade.xyz,154.388105,154.41,Bitget,154.660000,154.66,2500,12457.29,17.6112,-0.1021,15.0000,2.0000,0.0000,0.5090,739,2026-10-01T03:39:29.188Z,opp_7027d31af7a133750f7957b1,sha256:da150253212ee7db4085d5875be9c6f189c56b4532b4e7f310d7632ffcd09923
2026-10-01T03:39:29.593Z,MSTR,perp_spread,trade.xyz,154.391209,154.44,Bitget,154.656186,154.65,2500,21142.81,17.1627,-0.1021,15.0000,2.0000,0.0000,0.0606,697,2026-10-01T03:39:29.724Z,opp_8dc6aa6df159b74683cfc910,sha256:cc3e1de2d0e7a0c49d37c8dd0379bcd315cf9d899eefc0e0e94cab4eb9a44450
2026-10-01T03:39:29.593Z,MSTR,funding_differential,trade.xyz,154.391209,154.44,Bitget,154.656186,154.65,2500,21142.81,17.1627,-0.1021,15.0000,2.0000,0.0000,0.0606,630,2026-10-01T03:39:57.724Z,opp_bebe7b56c93c3270f2d1fdb2,sha256:93ec81a43c7486d6d1f0a1a132fd9c88705049f2a14a9480c60ec2f7d02fd9e2
2026-10-01T03:39:30.795Z,MSTR,funding_differential,trade.xyz,154.391209,154.44,Bitget,154.656186,154.65,2500,21142.81,17.1627,-0.1021,15.0000,2.0000,0.0000,0.0606,697,2026-10-01T03:39:57.724Z,opp_1f8300c58f548247cf14335a,sha256:1680520d0fe451c7aac7dee074cbd19d00ccddb82648aaa6a79f5dbb84784392
2026-10-01T10:40:38.204Z,MSFT,perp_spread,trade.xyz,514.800000,514.8,Bitget,515.680000,515.68,2500,11538.02,17.0940,-0.0625,15.0000,2.0000,0.0000,0.0315,903,2026-10-01T10:40:37.374Z,opp_6d832edc643ddea00177fe22,sha256:2695b1c4debdc9c25aa31329942429d214d5a574814b3b771b7d96205cd11c8c
2026-10-01T10:40:38.204Z,MSFT,perp_spread,trade.xyz,514.800000,514.8,Bitget,515.680000,515.68,2500,11538.02,17.0940,-0.0625,15.0000,2.0000,0.0000,0.0315,1433,2026-10-01T10:40:37.374Z,opp_70d02da1530efd5d9c66af57,sha256:e4fe1070041c47fb284ddc63901a12cce8ef5e97753fa646d42132fb92d87bff
2026-10-01T10:40:38.204Z,MSFT,funding_differential,trade.xyz,514.800000,514.8,Bitget,515.680000,515.68,2500,11538.02,17.0940,-0.0625,15.0000,2.0000,0.0000,0.0315,903,2026-10-01T10:41:05.374Z,opp_b58c0ba1c9f82a50badba198,sha256:bf18e0172863e55cb4a6cb61bd60c72a02e3f2977b32360302773b0b2bd54d83
2026-10-01T10:40:38.204Z,MSFT,funding_differential,trade.xyz,514.800000,514.8,Bitget,515.680000,515.68,2500,11538.02,17.0940,-0.0625,15.0000,2.0000,0.0000,0.0315,1433,2026-10-01T10:41:05.374Z,opp_d01373c00b78bf6b34d7e08f,sha256:6aaa4774ebe39d49b1ee42122efbf5a49109ef1abb7e0a0b81ca8c709e8763e6
2026-10-01T10:47:13.454Z,MSTR,funding_differential,trade.xyz,154.410000,154.41,Bitget,154.689684,154.68,2500,23401.45,18.1130,-0.3170,15.0000,2.0000,0.0000,0.7961,828,2026-10-01T10:47:42.514Z,opp_0720eb33c04dbeb51206836d,sha256:ba66001169fe4f0c28bf8fb71066343cf382732ba20f6ae17d7902ca618a0965
2026-10-01T10:47:13.454Z,MSTR,perp_spread,trade.xyz,154.410000,154.41,Bitget,154.689684,154.68,2500,23401.45,18.1130,-0.3170,15.0000,2.0000,0.0000,0.7961,828,2026-10-01T10:47:14.514Z,opp_bfff7285fb2925627f825706,sha256:1e3320d5e195d4b43882fe0062caeaa6bac5c70a5efbb49417951c64dc5b1eb1
2026-10-01T10:47:17.239Z,MSTR,funding_differential,trade.xyz,154.410000,154.41,Bitget,154.689684,154.68,2500,18124.95,18.1130,-0.3170,15.0000,2.0000,0.0000,0.7961,555,2026-10-01T10:47:43.119Z,opp_24430677428b9b224275c64e,sha256:960d2594bf798a4116fcf37b3565dbcb0ac7118f08fdf4508e9c0b68dc6bb264
2026-10-01T10:47:17.239Z,MSTR,perp_spread,trade.xyz,154.410000,154.41,Bitget,154.684115,154.68,2500,18124.95,17.7524,-0.3170,15.0000,2.0000,0.0000,0.4354,1297,2026-10-01T10:47:15.119Z,opp_30596726689f4904a6bb0eb8,sha256:7071f5767abef3f37e401d287920331e574c272972568ac741fa87636fd40d9d
2026-10-01T10:47:17.239Z,MSTR,perp_spread,trade.xyz,154.410000,154.41,Bitget,154.689684,154.68,2500,18124.95,18.1130,-0.3170,15.0000,2.0000,0.0000,0.7961,555,2026-10-01T10:47:15.119Z,opp_52efcf55fc474823c21b6f74,sha256:8656ae9b6c791d28c5680e857acc2b242030282dd86dc8f6a81ab16a573b9101
2026-10-01T10:47:17.239Z,MSTR,perp_spread,trade.xyz,154.410000,154.41,Bitget,154.684115,154.68,2500,18124.95,17.7524,-0.3170,15.0000,2.0000,0.0000,0.4354,944,2026-10-01T10:47:15.119Z,opp_7d1003035b859f12858de112,sha256:a320a4611185b37691ad05f3908c7f6dbfad5ec05891a599c4ec5918b315ca96
2026-10-01T10:47:17.239Z,MSTR,funding_differential,trade.xyz,154.410000,154.41,Bitget,154.684115,154.68,2500,18124.95,17.7524,-0.3170,15.0000,2.0000,0.0000,0.4354,1297,2026-10-01T10:47:43.119Z,opp_7fe812ebf5fa14434b438517,sha256:ed0cda339594ec25ccbb6ff1a0f596efb4d48579d4d5f6d77adf3b5f17ba24e7
2026-10-01T10:47:17.239Z,MSTR,funding_differential,trade.xyz,154.410000,154.41,Bitget,154.684115,154.68,2500,18124.95,17.7524,-0.3170,15.0000,2.0000,0.0000,0.4354,744,2026-10-01T10:47:43.119Z,opp_99116c3ac42ea6b034a9b4fd,sha256:157657177f5dfda4ae8e0046472332c3f0f53627009cf2ac12d600933fec273c
2026-10-01T10:47:17.239Z,MSTR,funding_differential,trade.xyz,154.410000,154.41,Bitget,154.684115,154.68,2500,18124.95,17.7524,-0.3170,15.0000,2.0000,0.0000,0.4354,944,2026-10-01T10:47:43.119Z,opp_d0daf1ce7f44e7914fcdfe8c,sha256:7aa83d64077c8d7dec95c49c8facb5623f1a7fff5363f2debce62d00d0fb77cf
2026-10-01T10:47:17.239Z,MSTR,perp_spread,trade.xyz,154.410000,154.41,Bitget,154.684115,154.68,2500,18124.95,17.7524,-0.3170,15.0000,2.0000,0.0000,0.4354,744,2026-10-01T10:47:15.119Z,opp_f98d3b562fd058ad55f25ab4,sha256:f00caf7393e7c149e08e3039d8bd6e3eb647c6ad358545b5b7c87ea5e4638e5f
2026-10-01T10:47:22.851Z,MSTR,perp_spread,trade.xyz,154.490000,154.49,Bitget,154.759524,154.74,2500,26389.75,17.4461,-0.3170,15.0000,2.0000,0.0000,0.1291,657,2026-10-01T10:47:23.159Z,opp_c679a525070e4f899f0f94a1,sha256:bd656c73ce3020f2e488e223d272c84c8e9e2a5707f4fa195b441ba5d02854b2
2026-10-01T10:47:23.889Z,MSTR,funding_differential,trade.xyz,154.490000,154.49,Bitget,154.759524,154.74,2500,26389.75,17.4461,-0.3170,15.0000,2.0000,0.0000,0.1291,657,2026-10-01T10:47:51.159Z,opp_65440cd4091f2ff3266bbb63,sha256:109ce440f7fa582c0bbecb4ffdbf859d58aa584b7f00854350aed728ddbfd277
2026-10-01T10:47:23.891Z,MSTR,perp_spread,trade.xyz,154.490000,154.49,Bitget,154.759524,154.74,2500,23701.31,17.4461,-0.3170,15.0000,2.0000,0.0000,0.1291,560,2026-10-01T10:47:23.600Z,opp_24b719de562b80f5111b8125,sha256:e4693463ad15620baca352103142cb9a6576dc54277a29028b2f8a0e3036174c
2026-10-01T10:47:23.891Z,MSTR,funding_differential,trade.xyz,154.490000,154.49,Bitget,154.759524,154.74,2500,23701.31,17.4461,-0.3170,15.0000,2.0000,0.0000,0.1291,560,2026-10-01T10:47:51.600Z,opp_c86f0792013367ab740e5864,sha256:cd4c8ede3984bf0b80340cbe119dd0ba40559c138a8b5e3be57354f9306409ee
2026-10-01T10:48:45.908Z,MSFT,funding_differential,trade.xyz,514.996000,515,Bitget,515.890991,515.89,2500,31658.72,17.3786,-0.0625,15.0000,2.0000,0.0000,0.3161,558,2026-10-01T10:49:12.139Z,opp_39a46ff19dca39ec4c996c83,sha256:52e2e1c871b9a95607591559cdbe5276b416d65cd1be7ad2f6368b7de2dd21ef
2026-10-01T10:48:45.908Z,MSFT,perp_spread,trade.xyz,514.996000,515,Bitget,515.890991,515.89,2500,31658.72,17.3786,-0.0625,15.0000,2.0000,0.0000,0.3161,558,2026-10-01T10:48:44.139Z,opp_6f05ed921870a9368d890fd8,sha256:2cd312cee9a538d2120e054c306b9352609a7e4a2d83830ac44708bfd8d16fd3
2026-10-01T10:49:07.940Z,HOOD,funding_differential,trade.xyz,113.473376,113.48,Bitget,113.680000,113.68,2500,34085.31,18.2090,-0.1365,15.0000,2.0000,0.0000,1.0726,1122,2026-10-01T10:49:30.070Z,opp_442d77458667911b02b3c841,sha256:01f8727d894ce3027702a449d269ed2eeffb14893cc079ad143efc9b7d3f7452
2026-10-01T10:49:07.940Z,HOOD,funding_differential,trade.xyz,113.473376,113.48,Bitget,113.680000,113.68,2500,34085.31,18.2090,-0.1365,15.0000,2.0000,0.0000,1.0726,892,2026-10-01T10:49:30.070Z,opp_8f869b9fba167fddc088e457,sha256:d3fddbda27645052cfba671d35aceda843eaae86a0929b51c3ec58d77dd87606
2026-10-01T10:49:07.940Z,HOOD,perp_spread,trade.xyz,113.473376,113.48,Bitget,113.680000,113.68,2500,34085.31,18.2090,-0.1365,15.0000,2.0000,0.0000,1.0726,892,2026-10-01T10:49:02.070Z,opp_9a7b0caacdfe02ba7c91cd62,sha256:8fb5c5d2bca124cc65e6a389caeeb81b0f2990b08c0fbde79f129aedfe2c7028
2026-10-01T10:49:07.940Z,HOOD,perp_spread,trade.xyz,113.470000,113.47,Bitget,113.680000,113.68,2500,35073.63,18.5071,-0.1365,15.0000,2.0000,0.0000,1.3706,1108,2026-10-01T10:49:04.749Z,opp_bf98adaba9fb2b24c0a97fc1,sha256:9e2ca02168e54494ea07309b34198683814436869c9c0f38e2ab874ab6ec9dc4
2026-10-01T10:49:07.940Z,HOOD,funding_differential,trade.xyz,113.470000,113.47,Bitget,113.680000,113.68,2500,35073.63,18.5071,-0.1365,15.0000,2.0000,0.0000,1.3706,1108,2026-10-01T10:49:32.749Z,opp_e15f57fce49b063e67256c08,sha256:82f0cf75e4dad2effd8e3cff990d696fffb84a39ee08869760d3f4e5ea291778
2026-10-01T10:49:07.940Z,HOOD,perp_spread,trade.xyz,113.473376,113.48,Bitget,113.680000,113.68,2500,34085.31,18.2090,-0.1365,15.0000,2.0000,0.0000,1.0726,890,2026-10-01T10:49:01.523Z,opp_e6baa10cf844ee35d926498a,sha256:8a0b39ddaf49e16c481a427c0e50b7bd01540d7acdf4b49240c1ded2ddf1d416
2026-10-01T10:49:07.940Z,HOOD,funding_differential,trade.xyz,113.473376,113.48,Bitget,113.680000,113.68,2500,34085.31,18.2090,-0.1365,15.0000,2.0000,0.0000,1.0726,890,2026-10-01T10:49:29.523Z,opp_e80a69555b96ffeba04101c3,sha256:dd10826ae1a5df2e7311637381b93bb6859fec1346ce2f542a2a1f65b3b45106
2026-10-01T10:49:07.940Z,HOOD,perp_spread,trade.xyz,113.473376,113.48,Bitget,113.680000,113.68,2500,34085.31,18.2090,-0.1365,15.0000,2.0000,0.0000,1.0726,1122,2026-10-01T10:49:02.070Z,opp_ee16d133863d96f7f80f72b7,sha256:dbc948be8c2a6cb8b5c98f126c50049a43ac72681e33217bee151d6ca60276bb
2026-10-01T10:49:11.612Z,HOOD,perp_spread,trade.xyz,113.470000,113.47,Bitget,113.680000,113.68,2500,27937.83,18.5071,-0.1365,15.0000,2.0000,0.0000,1.3706,1092,2026-10-01T10:49:05.831Z,opp_8106c70f6d135cc0620c08f9,sha256:2e028ae91a8b2577e30ec460358764857bf88d235981b1c5aa81406217dc03d2
2026-10-01T10:49:11.612Z,HOOD,perp_spread,trade.xyz,113.470000,113.47,Bitget,113.680000,113.68,2500,27937.83,18.5071,-0.1365,15.0000,2.0000,0.0000,1.3706,792,2026-10-01T10:49:05.831Z,opp_c500ad6fae067bd4d7e941a1,sha256:d84f2361a66ae06c93d75d6c88cf5a81ab72fc6ae71fe59ed0d0a9bf3407325f
2026-10-01T10:49:11.612Z,HOOD,funding_differential,trade.xyz,113.470000,113.47,Bitget,113.680000,113.68,2500,27937.83,18.5071,-0.1365,15.0000,2.0000,0.0000,1.3706,792,2026-10-01T10:49:33.831Z,opp_c791d8d3997a91e4650d9800,sha256:e519a9714f382bda7d957a635a1f0fdf586742bb769410c4990fb4d1a9b9ab52
2026-10-01T10:49:11.613Z,HOOD,perp_spread,trade.xyz,113.473423,113.48,Bitget,113.680000,113.68,2500,25937.92,18.2049,-0.1365,15.0000,2.0000,0.0000,1.0684,1437,2026-10-01T10:49:07.473Z,opp_18464dc97b65fe6bfee15741,sha256:23e75b49103394bac9988119e27267f5fc5bd6d5ed7c2cd65259a7550247ff3a
2026-10-01T10:49:11.613Z,HOOD,perp_spread,trade.xyz,113.473423,113.48,Bitget,113.680000,113.68,2500,25937.92,18.2049,-0.1365,15.0000,2.0000,0.0000,1.0684,712,2026-10-01T10:49:06.357Z,opp_1d145db408bcdfff95795118,sha256:183be24266f66573df36673b7122de1004de9a02ee62bbaf598008567e6136e7
2026-10-01T10:49:11.613Z,HOOD,funding_differential,trade.xyz,113.473423,113.48,Bitget,113.680000,113.68,2500,25937.92,18.2049,-0.1365,15.0000,2.0000,0.0000,1.0684,918,2026-10-01T10:49:34.874Z,opp_31a2ea6fb095b82dd17bbe5d,sha256:2d3895d13c605e9ac6bcabda3609cb4f5a6807556bf05f300778eded3397ab8c
2026-10-01T10:49:11.613Z,HOOD,perp_spread,trade.xyz,113.473423,113.48,Bitget,113.680000,113.68,2500,25937.92,18.2049,-0.1365,15.0000,2.0000,0.0000,1.0684,673,2026-10-01T10:49:07.473Z,opp_4e3a0b73bdb0bb04131e5c9f,sha256:f3796b77efb4e6649848e4fc0f728635cd40ebf1e2eb9364d3840ebde763ca0c
2026-10-01T10:49:11.613Z,HOOD,funding_differential,trade.xyz,113.473423,113.48,Bitget,113.680000,113.68,2500,25937.92,18.2049,-0.1365,15.0000,2.0000,0.0000,1.0684,1022,2026-10-01T10:49:35.473Z,opp_62919b1fb060d99ee90e0397,sha256:a4ccf0b8733091d4403c06b291a3bc33f221ee0ee16ca5f72df8f27f457edce1
2026-10-01T10:49:11.613Z,HOOD,funding_differential,trade.xyz,113.473423,113.48,Bitget,113.680000,113.68,2500,25937.92,18.2049,-0.1365,15.0000,2.0000,0.0000,1.0684,712,2026-10-01T10:49:34.357Z,opp_86d9fa30dcf1f3a7aa561bb7,sha256:ab36935fa3ba72ae996982241c196ae2027d4869c3332312eb53102a4e0708fa
2026-10-01T10:49:11.613Z,HOOD,funding_differential,trade.xyz,113.473423,113.48,Bitget,113.680000,113.68,2500,25937.92,18.2049,-0.1365,15.0000,2.0000,0.0000,1.0684,1437,2026-10-01T10:49:35.473Z,opp_897b11b0b44a8b99ec9636cc,sha256:83e9c6442bf7cbf7498a3eb45dbb25701713cd4231b209b85ffc43bc425591c3
2026-10-01T10:49:11.613Z,HOOD,funding_differential,trade.xyz,113.473423,113.48,Bitget,113.680000,113.68,2500,25937.92,18.2049,-0.1365,15.0000,2.0000,0.0000,1.0684,673,2026-10-01T10:49:35.473Z,opp_8b351916a493e54cbbf66aa6,sha256:a165139bdc96f1abfc237dd88bca9c69f7d3a56c6b0e58913bd9e4143e010dcc
2026-10-01T10:49:11.613Z,HOOD,perp_spread,trade.xyz,113.473423,113.48,Bitget,113.680000,113.68,2500,25937.92,18.2049,-0.1365,15.0000,2.0000,0.0000,1.0684,918,2026-10-01T10:49:06.874Z,opp_aaabcc7d0589a7547edafdf9,sha256:3a05272573201cec8cee229a7e23c84c18a8fb846479c78eae36a8b760556ab6
2026-10-01T10:49:11.613Z,HOOD,perp_spread,trade.xyz,113.473423,113.48,Bitget,113.680000,113.68,2500,25937.92,18.2049,-0.1365,15.0000,2.0000,0.0000,1.0684,1022,2026-10-01T10:49:07.473Z,opp_bf4f496637e5f283fc173750,sha256:ba8fe7463cc799e47adf1abcb7229b79cf8f0284bcd49899987456e174a01bc0
2026-10-01T10:54:59.162Z,MSTR,perp_spread,trade.xyz,154.900000,154.9,Bitget,155.192055,155.18,2500,33736.70,18.8544,-0.2761,15.0000,2.0000,0.0000,1.5783,1584,2026-10-01T10:54:58.220Z,opp_17a2c1c6c4716c0a8aa20a58,sha256:246c2e4bab847e193de68ccaaaf268f2ba7b50919add3ef4db235dc6c9c1fb2e
2026-10-01T10:54:59.162Z,MSTR,perp_spread,trade.xyz,154.900000,154.9,Bitget,155.194818,155.18,2500,43287.03,19.0328,-0.2761,15.0000,2.0000,0.0000,1.7567,1547,2026-10-01T10:54:57.696Z,opp_6c7adaa78b996f342de4af78,sha256:a550ca5c0adab22e6d909ee2f65ce95b2c518f7a20226d5a8e47f9cbfe5df5f9
2026-10-01T10:54:59.162Z,MSTR,perp_spread,trade.xyz,154.900000,154.9,Bitget,155.206817,155.2,2500,62305.84,19.8074,-0.2761,15.0000,2.0000,0.0000,2.5313,1134,2026-10-01T10:54:57.093Z,opp_7e0dcff78305918f2107fa3e,sha256:395e0d2137697b857cea91c4f70dd1c7c6bd9a6f888302890c316c74cab0257b
2026-10-01T10:54:59.162Z,MSTR,funding_differential,trade.xyz,154.900000,154.9,Bitget,155.192055,155.18,2500,33736.70,18.8544,-0.2761,15.0000,2.0000,0.0000,1.5783,1584,2026-10-01T10:55:26.220Z,opp_80067eb01e238316c13aeb9d,sha256:ed53659dcaea8781898a18fff34ac8732cb366d6040ada9c9983e6eb18acf16e
2026-10-01T10:54:59.162Z,MSTR,perp_spread,trade.xyz,154.900000,154.9,Bitget,155.194818,155.18,2500,43287.03,19.0328,-0.2761,15.0000,2.0000,0.0000,1.7567,1874,2026-10-01T10:54:57.696Z,opp_80d05943315460b400c99b40,sha256:b87e9a99c43dd2a2258afc730e27dda2f16f6606a0a433ad2becf80b3791bcfa
2026-10-01T10:54:59.162Z,MSTR,funding_differential,trade.xyz,154.900000,154.9,Bitget,155.194818,155.18,2500,43287.03,19.0328,-0.2761,15.0000,2.0000,0.0000,1.7567,1874,2026-10-01T10:55:25.696Z,opp_b7aa0c6090d60d21b37121b8,sha256:4ba0b312653f9c260eb6b779d5dc649e9fbe1fa04eb367a1f8968fbfcdf6d8d8
2026-10-01T10:54:59.162Z,MSTR,funding_differential,trade.xyz,154.900000,154.9,Bitget,155.194818,155.18,2500,43287.03,19.0328,-0.2761,15.0000,2.0000,0.0000,1.7567,1547,2026-10-01T10:55:25.696Z,opp_bcbb50d6ec45f519a228900d,sha256:b9ba16a3f3fd638fab81534a95613d899ebb5c4a61fb943fe688e7dd7946d93f
2026-10-01T10:54:59.162Z,MSTR,funding_differential,trade.xyz,154.900000,154.9,Bitget,155.206817,155.2,2500,43287.03,19.8074,-0.2761,15.0000,2.0000,0.0000,2.5313,651,2026-10-01T10:55:25.696Z,opp_c81755b8294b71d6e4259faf,sha256:5b0d7b1eb523613bff18c20728028b30dadb84ea313da2c86ccf32e15b6c7f57
2026-10-01T10:54:59.162Z,MSTR,perp_spread,trade.xyz,154.900000,154.9,Bitget,155.207433,155.19,2500,43287.03,19.8472,-0.2761,15.0000,2.0000,0.0000,2.5710,1057,2026-10-01T10:54:57.696Z,opp_d526dd1ce840ede40e0e66f4,sha256:0a66b45f9895333d378456d6db51cb919cc8e067855145a222f45c86d5f77a40
2026-10-01T10:54:59.162Z,MSTR,funding_differential,trade.xyz,154.900000,154.9,Bitget,155.207433,155.19,2500,43287.03,19.8472,-0.2761,15.0000,2.0000,0.0000,2.5710,1057,2026-10-01T10:55:25.696Z,opp_f3ed0ffa8b9c4f310680c440,sha256:e4678671c26515454a348d99a8a3ed481a1348022c1a115b6c64bfbd8adca85f
2026-10-01T10:54:59.162Z,MSTR,perp_spread,trade.xyz,154.900000,154.9,Bitget,155.206817,155.2,2500,43287.03,19.8074,-0.2761,15.0000,2.0000,0.0000,2.5313,651,2026-10-01T10:54:57.696Z,opp_fff7587dec97da1ed36594b6,sha256:1285a57a85b67e3082080602e9cb21ad41ee398c6375cb9b61468fa6afbee431
2026-10-01T11:02:47.382Z,MSFT,perp_spread,trade.xyz,516.190000,516.19,Bitget,517.224965,517.22,2500,16237.05,20.0501,-0.0625,15.0000,2.0000,0.0000,2.9876,558,2026-10-01T11:02:46.592Z,opp_ecf31f7d92f7e0a335c7a039,sha256:06b9f55fa1684a3a539553e7ead5cde43183199715de8aa2805973b2a60b660a
2026-10-01T11:02:48.492Z,MSFT,funding_differential,trade.xyz,516.190000,516.19,Bitget,517.224965,517.22,2500,16237.05,20.0501,-0.0625,15.0000,2.0000,0.0000,2.9876,558,2026-10-01T11:03:14.592Z,opp_842929de81df56deed5236fe,sha256:763665a085445f2e5bcfdd9b01c6f636d8bc9a2d1808715ffba59bbdd94bc581
2026-10-01T11:02:48.492Z,MSFT,perp_spread,trade.xyz,516.190000,516.19,Bitget,517.224965,517.22,2500,16237.05,20.0501,-0.0625,15.0000,2.0000,0.0000,2.9876,954,2026-10-01T11:02:46.592Z,opp_c23bdd48170a333105626584,sha256:858abad4288e3b7b09e11ab879ed93ab3445ef198b3fb50d9b8b289f5f834a93
2026-10-01T11:06:19.904Z,HOOD,perp_spread,trade.xyz,113.200000,113.2,Bitget,113.406290,113.37,2500,41981.90,18.2235,-0.0625,15.0000,2.0000,0.0000,1.1610,862,2026-10-01T11:06:18.879Z,opp_77cb55601270da3dcc89bb7e,sha256:6fca40668448c2bfbf6e5e349d3563369907d0317a864684e26102578b504cdb
2026-10-01T11:06:19.905Z,HOOD,funding_differential,trade.xyz,113.200000,113.2,Bitget,113.406290,113.37,2500,41981.90,18.2235,-0.0625,15.0000,2.0000,0.0000,1.1610,862,2026-10-01T11:06:46.879Z,opp_62c855da08ff51ced436c505,sha256:0e2b66768d4bc08ba3a54b3103e12af515619c6652f8ae837504f6a1f54faa64
2026-10-01T11:32:48.304Z,HOOD,perp_spread,trade.xyz,112.833023,112.84,Bitget,113.046955,113,2500,53443.03,18.9600,-0.0625,15.0000,2.0000,0.0000,1.8975,1016,2026-10-01T11:32:45.455Z,opp_14cc0cff3c7317a53108267a,sha256:84d2b674e02b3e4b3a9bc5f97501b27f2c43d8421a1477bb9b1cd35fc78fa0b6
2026-10-01T11:32:48.304Z,HOOD,perp_spread,trade.xyz,112.833023,112.84,Bitget,113.046955,113,2500,53443.03,18.9600,-0.0625,15.0000,2.0000,0.0000,1.8975,923,2026-10-01T11:32:45.455Z,opp_22017fef443a45ae71bcd616,sha256:e5299d5aa03f6010fad925e359715f11c054b11154bfc747176cfd76386c815b
2026-10-01T11:32:48.304Z,HOOD,funding_differential,trade.xyz,112.833023,112.84,Bitget,113.046955,113,2500,53443.03,18.9600,-0.0625,15.0000,2.0000,0.0000,1.8975,923,2026-10-01T11:33:13.455Z,opp_60cf72b76a674a6f4091aa4d,sha256:a1612f634f19984544f3f2dc86d7e64be4bc3a75d90163f5bbdd0fd702d0e5a5
2026-10-01T11:41:39.469Z,HOOD,perp_spread,trade.xyz,113.320000,113.32,Bitget,113.516820,113.51,2500,9879.63,17.3685,-0.0625,15.0000,2.0000,0.0000,0.3060,1342,2026-10-01T11:41:38.991Z,opp_7920a106d625c3d1bf9f7dae,sha256:8d497d92f76fc61781745491352f68320eafbb416b8584a0bc8d6d9bce44d6d7
2026-10-01T11:41:41.103Z,HOOD,funding_differential,trade.xyz,113.320000,113.32,Bitget,113.516820,113.51,2500,9879.63,17.3685,-0.0625,15.0000,2.0000,0.0000,0.3060,1342,2026-10-01T11:42:06.991Z,opp_7942037d2151e9255fcfe6a9,sha256:cc03253971f90b395ed57f5485151bd265f5cca875ac284ca8252eedc30feab9
2026-10-01T11:57:34.212Z,MSFT,perp_spread,trade.xyz,519.695202,519.7,Bitget,520.700000,520.7,2500,22956.96,19.3344,-0.0625,15.0000,2.0000,0.0000,2.2719,912,2026-10-01T11:57:33.465Z,opp_b4cfc01bfa531082fa5bb33b,sha256:03100b28b3ce860528a1fa1a87bcb12a6787fed4a7736319577f427c8a38a491
2026-10-01T11:57:34.213Z,MSFT,funding_differential,trade.xyz,519.695202,519.7,Bitget,520.700000,520.7,2500,22956.96,19.3344,-0.0625,15.0000,2.0000,0.0000,2.2719,912,2026-10-01T11:58:01.465Z,opp_ca6ebb00ce5cd449e631b74f,sha256:8ec6deb6c3c42fddd573d72a853ef20f36e062eeb4f97990b2d65a87a9cb8c6c
2026-10-01T11:57:42.845Z,HOOD,funding_differential,trade.xyz,113.480000,113.48,Bitget,113.676027,113.65,2500,40810.94,17.2742,-0.0698,15.0000,2.0000,0.0000,0.2044,501,2026-10-01T11:58:11.105Z,opp_444334446714b7403a8fdaeb,sha256:349a5c9ecc5d5033ae19b4dde628b73f86f40eb1065d1a00071efd8add81788d
2026-10-01T11:57:42.845Z,HOOD,funding_differential,trade.xyz,113.400490,113.41,Bitget,113.628193,113.59,2500,40353.23,20.0795,-0.0698,15.0000,2.0000,0.0000,3.0097,607,2026-10-01T11:58:10.577Z,opp_6e58e2119fc2ed475b544450,sha256:27ff5fd3982b36cb9460df5be921d056a50692b31a8b958b9a20f906a1cdc971
2026-10-01T11:57:42.845Z,HOOD,perp_spread,trade.xyz,113.400490,113.41,Bitget,113.628193,113.59,2500,40353.23,20.0795,-0.0698,15.0000,2.0000,0.0000,3.0097,607,2026-10-01T11:57:42.577Z,opp_e28adeceab11e11abd180a1a,sha256:82ecc6761bc697645e8d897ce08d56cf30577fe68201dcbcab184e3a5bad955f
2026-10-01T11:57:42.845Z,HOOD,perp_spread,trade.xyz,113.480000,113.48,Bitget,113.676027,113.65,2500,40810.94,17.2742,-0.0698,15.0000,2.0000,0.0000,0.2044,501,2026-10-01T11:57:43.105Z,opp_ea68ac6fa20ce7933a944ecf,sha256:d3c3dcf037b3cafaaea8c96702c079dc7809503a94395441eec83a4e10180f59
2026-10-01T11:57:43.984Z,HOOD,funding_differential,trade.xyz,113.480000,113.48,Bitget,113.676027,113.65,2500,40810.94,17.2742,-0.0698,15.0000,2.0000,0.0000,0.2044,681,2026-10-01T11:58:11.105Z,opp_339ec4efc004e94b63bbf42c,sha256:1a1365463c836e95b4978999ada7d510ebadf7737ebcaacfe3efdf0b8a48c02b
2026-10-01T11:57:43.984Z,HOOD,perp_spread,trade.xyz,113.480000,113.48,Bitget,113.676027,113.65,2500,40810.94,17.2742,-0.0698,15.0000,2.0000,0.0000,0.2044,681,2026-10-01T11:57:43.105Z,opp_70cc76fa9fc598f218259f48,sha256:ad9683bd4334f768583a57a44aeb656d724546b23d81bcc21eaf4abd2a08edc4
2026-10-01T11:57:43.984Z,HOOD,funding_differential,trade.xyz,113.480000,113.48,Bitget,113.695509,113.66,2500,31666.41,18.9910,-0.0698,15.0000,2.0000,0.0000,1.9212,946,2026-10-01T11:58:11.659Z,opp_a9017c2ae0626f7f0c21f4d5,sha256:b91b20e44d4b00a6595938fefa2f4dddb57693774c702a37cf5b9c2905d18bc5
2026-10-01T11:57:43.984Z,HOOD,perp_spread,trade.xyz,113.480000,113.48,Bitget,113.695509,113.66,2500,31666.41,18.9910,-0.0698,15.0000,2.0000,0.0000,1.9212,946,2026-10-01T11:57:43.659Z,opp_f06e55500cb4c8ef095a582e,sha256:7d398e357649c06856ecd867d196ad43b3afa95b3d6e47a04f828687ac1cd472
2026-10-01T12:10:15.479Z,MSFT,funding_differential,trade.xyz,519.070000,519.07,Bitget,520.130479,520.13,2500,38943.70,20.4304,-0.0625,15.0000,2.0000,0.0000,3.3679,1895,2026-10-01T12:10:35.812Z,opp_039ceb55735b2826043030c1,sha256:fb018cc25084f8d3e295d090cf5c22e4d50fd40fe72c5534b9e17a963099527d
2026-10-01T12:10:15.479Z,MSFT,perp_spread,trade.xyz,519.070000,519.07,Bitget,520.130479,520.13,2500,38943.70,20.4304,-0.0625,15.0000,2.0000,0.0000,3.3679,1895,2026-10-01T12:10:07.812Z,opp_627778e28c9bbaa6587fd7a0,sha256:8ccbc6469380fa102ce06e09f536e5bae225853aca5253e860104aadfa4768be
2026-10-01T12:24:34.250Z,HOOD,funding_differential,trade.xyz,113.213590,113.22,Bitget,113.445477,113.41,2500,20153.02,20.4822,-0.3069,15.0000,2.0000,0.0000,3.1753,1116,2026-10-01T12:24:59.906Z,opp_84a2950eee7aaaaeb4df72ef,sha256:e3b094b195a9b1d9860e0b2d2701ae23b5c2c99c7670055a5565de658d8e3b53
2026-10-01T12:24:34.250Z,HOOD,perp_spread,trade.xyz,113.213590,113.22,Bitget,113.445477,113.41,2500,20153.02,20.4822,-0.3069,15.0000,2.0000,0.0000,3.1753,1116,2026-10-01T12:24:31.906Z,opp_bd88b0344cf129eb5360085f,sha256:0f8883b1ce0d1a1f36e217bfd2cbf8340df8e0f4de4b52ab57d0a1ff045cb595
2026-10-01T13:06:22.928Z,META,perp_spread,trade.xyz,728.396000,728.4,Bitget,729.660007,729.6,2500,26005.61,17.3533,-0.0625,15.0000,2.0000,0.0000,0.2908,1980,2026-10-01T13:06:21.595Z,opp_51b3f80ca576ba1e935e10d8,sha256:d0e45419bfedb70929460078a4afdffe8c3075ec92166b87fdcd5e6fb894b073
2026-10-01T13:11:43.908Z,AMZN,perp_spread,trade.xyz,251.840000,251.84,Bitget,252.340061,252.34,2500,19007.28,19.8563,-0.0625,15.0000,2.0000,0.0000,2.7938,732,2026-10-01T13:11:42.688Z,opp_7a3ceae9807c523f31bf1c5e,sha256:00665bd2420bf29006a63f9c83c70f669e03338ee7ccb3545ddf7b5aba15cfd4
2026-10-01T13:11:46.494Z,AMZN,funding_differential,trade.xyz,251.840000,251.84,Bitget,252.340061,252.34,2500,19007.28,19.8563,-0.0625,15.0000,2.0000,0.0000,2.7938,732,2026-10-01T13:12:10.688Z,opp_754e9c692bcda154d7e91950,sha256:2cbd5b0eefcd41eaa9ed5734c3305d3808b51c1020bb143e6c1c6a3e42c2db90
2026-10-01T13:11:46.494Z,AMZN,perp_spread,trade.xyz,251.840000,251.84,Bitget,252.340061,252.34,2500,19007.28,19.8563,-0.0625,15.0000,2.0000,0.0000,2.7938,967,2026-10-01T13:11:42.688Z,opp_774e4238476eadc20a54bda2,sha256:e1df58cdbb3ef25caabbc6ea8dde672226f8af2de10e936257399c129f17dfe6
2026-10-01T13:25:05.605Z,AMZN,funding_differential,trade.xyz,251.718669,251.73,Bitget,252.220071,252.22,2500,4693.22,19.9191,-0.0625,15.0000,2.0000,0.0000,2.8566,758,2026-10-01T13:25:30.173Z,opp_126bb61d3950042060025ee9,sha256:c12c93169e6993adca719d89668e0b383cbea9e730b54839cc375ade6fc35718
2026-10-01T13:25:05.605Z,NVDA,funding_differential,trade.xyz,230.210025,230.22,Bitget,230.711600,230.65,2500,104000.84,21.7877,-0.0625,15.0000,2.0000,0.0000,4.7252,888,2026-10-01T13:25:30.173Z,opp_65dc1098c3287503ab4a4748,sha256:05b97fb49d4888fec32e2752b51498dea1f006b8a926ca6eb999f8d35eec9f58
2026-10-01T13:25:05.605Z,GOOGL,funding_differential,trade.xyz,349.950000,349.95,Bitget,350.776858,350.61,2500,18586.87,23.6279,-0.1968,15.0000,2.0000,0.0000,6.4311,1003,2026-10-01T13:25:30.173Z,opp_77935eed711b4a62b37c6b03,sha256:5ab8d6494ee6ba679139574b0e2d0e0aed03deabf557d6c9792b16ba7e097aab
2026-10-01T13:25:05.605Z,AMZN,perp_spread,trade.xyz,251.718669,251.73,Bitget,252.220071,252.22,2500,4693.22,19.9191,-0.0625,15.0000,2.0000,0.0000,2.8566,758,2026-10-01T13:25:02.173Z,opp_7a8541daeed8f67d7bc0638b,sha256:dbd162558c056390d6018a18617c859ae8a5d026c3fc43ef0b4f32bcf407868b
2026-10-01T13:25:05.605Z,NVDA,perp_spread,trade.xyz,230.210025,230.22,Bitget,230.711600,230.65,2500,104000.84,21.7877,-0.0625,15.0000,2.0000,0.0000,4.7252,888,2026-10-01T13:25:02.173Z,opp_b3dc5ec6d2419ad884fe5019,sha256:4bdea1355da4e713ac9e1aa060250fd2c3eb52099f9d62f091c56a5fcae724ab
2026-10-01T13:25:05.605Z,GOOGL,perp_spread,trade.xyz,349.950000,349.95,Bitget,350.776858,350.61,2500,18586.87,23.6279,-0.1968,15.0000,2.0000,0.0000,6.4311,1003,2026-10-01T13:25:02.173Z,opp_e3775e0ea990cdb69f083fec,sha256:55e327230d204460c2023976fb16c23a963322bf2def45fe31d4967ae13054d7
2026-10-01T13:25:23.812Z,MSFT,perp_spread,trade.xyz,519.530000,519.53,Bitget,521.026775,520.96,2500,12487.06,28.8102,-0.0250,15.0000,2.0000,0.0000,11.7851,968,2026-10-01T13:25:21.825Z,opp_b522ba8777b7d080f0ad1436,sha256:5b8b2ab04adb2d28d0976cf998dc32682b8e1e34bcee3d4fb7f0ddd83b9c323d
2026-10-01T13:25:28.311Z,MSFT,funding_differential,trade.xyz,519.530000,519.53,Bitget,521.026775,520.96,2500,12487.06,28.8102,-0.0250,15.0000,2.0000,0.0000,11.7851,968,2026-10-01T13:25:49.825Z,opp_ba9490e48dfceb734823551e,sha256:463e9649bc70a1206ea9f40ca4c36ad59d155c0df88dfeaf6dac86df19582d85
2026-10-01T13:25:28.311Z,MSFT,perp_spread,trade.xyz,519.530000,519.53,Bitget,521.026775,520.96,2500,12487.06,28.8102,-0.0250,15.0000,2.0000,0.0000,11.7851,1119,2026-10-01T13:25:21.825Z,opp_bb4221065debf83a98d1df5e,sha256:2d64bb82a4c336a3cbf282f1978e8f95e286523b2ee85a5ca6c276828ec6a40b
2026-10-01T13:25:28.311Z,MSFT,funding_differential,trade.xyz,519.530000,519.53,Bitget,521.026775,520.96,2500,12487.06,28.8102,-0.0250,15.0000,2.0000,0.0000,11.7851,1119,2026-10-01T13:25:49.825Z,opp_c9bb39b567c38403374b9621,sha256:85ab2dfea284c3413c6a0f1c9c8d0910e99173f5285d2e3bf28382b9cf7d5484
2026-10-01T13:27:43.587Z,AAPL,perp_spread,trade.xyz,330.826000,330.83,Bitget,331.614731,331.55,2500,10443.71,23.8413,-0.0625,15.0000,2.0000,0.0000,6.7788,1346,2026-10-01T13:27:41.840Z,opp_21a8a5ccd380cc370324864e,sha256:58922656719f492b8dda8998907c52db56126ba81cd3360a9066728e53dc28c6
2026-10-01T13:27:43.587Z,MSTR,perp_spread,trade.xyz,153.510000,153.51,Bitget,153.810453,153.8,2500,43058.17,19.5722,-0.3195,15.0000,2.0000,0.0000,2.2527,1497,2026-10-01T13:27:41.840Z,opp_32216196741d296f77674452,sha256:0a59b9ab83bb29450f74f1370c8042145099bd3b9f423c53949a2ce6bc9b9f8b
2026-10-01T13:27:43.587Z,TSLA,funding_differential,trade.xyz,355.860000,355.86,Bitget,356.538278,356.5,2500,49544.65,19.0602,-0.1762,15.0000,2.0000,0.0000,1.8840,1253,2026-10-01T13:28:09.840Z,opp_43d76e9eef510216a82f10c6,sha256:29d118a842ed6a4c6007c54e0a1ca11ee6db3a5b39d3fcfd59f8110d0f593e18
2026-10-01T13:27:43.587Z,TSLA,perp_spread,trade.xyz,355.860000,355.86,Bitget,356.538278,356.5,2500,49544.65,19.0602,-0.1762,15.0000,2.0000,0.0000,1.8840,1253,2026-10-01T13:27:41.840Z,opp_fa94aac2ce24c82b145095ac,sha256:b4b858a86dae5fc144c7e0542d659a38abb019d01a36fec8d47859c49b6115a3
2026-10-01T13:27:43.672Z,HOOD,funding_differential,trade.xyz,112.442714,112.51,Bitget,112.648163,112.53,2500,22110.57,18.2714,-0.0690,15.0000,2.0000,0.0000,1.2025,978,2026-10-01T13:28:10.409Z,opp_1c84f60eedb75476bb65024a,sha256:6203a99b041167d6e17a3da2e618f4232f2f5a2e5af182b097c2072ffa16765c
2026-10-01T13:27:43.672Z,HOOD,perp_spread,trade.xyz,112.442714,112.51,Bitget,112.648163,112.53,2500,22110.57,18.2714,-0.0690,15.0000,2.0000,0.0000,1.2025,978,2026-10-01T13:27:42.409Z,opp_27176709ad79d7b6db79f9e9,sha256:04afed1c008352cd3df5102be5d3357cd6fc04b1ccdf2088c0caaaa0b9e5bf34
2026-10-01T13:27:53.613Z,MSFT,perp_spread,trade.xyz,519.550000,519.55,Bitget,521.008503,521,2500,18068.05,28.0724,-0.0286,15.0000,2.0000,0.0000,11.0438,1922,2026-10-01T13:27:50.639Z,opp_2c8d7c1f82f97fb28309e8aa,sha256:63b1484d25f3cc9da5b7f064cf4ccb4e2f8aa8391f28f268280546882e4232ef
2026-10-01T13:27:53.613Z,MSFT,funding_differential,trade.xyz,519.550000,519.55,Bitget,521.008503,521,2500,18068.05,28.0724,-0.0286,15.0000,2.0000,0.0000,11.0438,1922,2026-10-01T13:28:18.639Z,opp_41c63de961095e939339476b,sha256:5f16ca6e1398011c9b5d6745fd9a241f6c8e2c046e04f0d0361011d5e21215fd
2026-10-01T13:27:53.613Z,MSFT,perp_spread,trade.xyz,519.550000,519.55,Bitget,521.008503,521,2500,18068.05,28.0724,-0.0286,15.0000,2.0000,0.0000,11.0438,1590,2026-10-01T13:27:51.189Z,opp_59ddee84a3b05da52ebf7c64,sha256:6c6ee43bc9d47e9b3882ae4955b3b8c89543c948e32f144242958bf9fc49b4e1
2026-10-01T13:27:53.613Z,MSFT,funding_differential,trade.xyz,519.550000,519.55,Bitget,521.008503,521,2500,18068.05,28.0724,-0.0286,15.0000,2.0000,0.0000,11.0438,1590,2026-10-01T13:28:19.189Z,opp_8404274d5b86fdf86f24218d,sha256:38f175642afbff37a18fd9ce0820627f0bdd3115d769c8fb0c0ee2095e5961d0
2026-10-01T13:27:53.614Z,META,funding_differential,trade.xyz,728.383997,728.42,Bitget,729.635210,729.23,2500,5301.90,17.1779,-0.0625,15.0000,2.0000,0.0000,0.1154,1079,2026-10-01T13:28:20.265Z,opp_12e7d1d0a5c70ac9b01532c4,sha256:db5eb9d23c03f7cab74c0b3d4f16559a77745f801d84672d7642188389e94765
2026-10-01T13:27:53.614Z,META,perp_spread,trade.xyz,728.383997,728.42,Bitget,729.635210,729.23,2500,5301.90,17.1779,-0.0625,15.0000,2.0000,0.0000,0.1154,1079,2026-10-01T13:27:52.265Z,opp_26a4c6f5f6468023cfdc5f61,sha256:be1b6b2bf4c9be13c68e2b47b5500dfb016d0167b26198a14eeeda9b2a0349e9
2026-10-01T13:27:53.614Z,MSFT,funding_differential,trade.xyz,519.550000,519.55,Bitget,521.020924,521,2500,18068.05,28.3115,-0.0286,15.0000,2.0000,0.0000,11.2829,914,2026-10-01T13:28:20.265Z,opp_c4f7bd136e65cc48a4756302,sha256:047f77e4fb62c8aa42e42670339ae94d5b60c216f9217643981202a26c84d039
2026-10-01T13:27:53.614Z,MSFT,perp_spread,trade.xyz,519.550000,519.55,Bitget,521.020924,521,2500,18068.05,28.3115,-0.0286,15.0000,2.0000,0.0000,11.2829,914,2026-10-01T13:27:52.265Z,opp_df5fda5d664528dc65c5c462,sha256:37d4d271371e16807e55726ad82ea4ac540063b064055302499b2ad6834107b8
2026-10-01T13:27:53.614Z,META,perp_spread,trade.xyz,728.383997,728.42,Bitget,729.672393,729.25,2500,5287.55,17.6884,-0.0625,15.0000,2.0000,0.0000,0.6259,865,2026-10-01T13:27:52.265Z,opp_ee91cca5c20eb165846b7ad9,sha256:7754b76c3b7c21dd15e95f8de23ff6f027d00e0a0e8f35e591e577adedc4df79
2026-10-01T13:27:53.614Z,META,funding_differential,trade.xyz,728.383997,728.42,Bitget,729.672393,729.25,2500,5287.55,17.6884,-0.0625,15.0000,2.0000,0.0000,0.6259,865,2026-10-01T13:28:20.265Z,opp_f93747c2178b93e83feec0b3,sha256:2a1bce0ef56fe8e7068ee89b5175dd5f097c2177f2fe27a295d55578a4da7848
2026-10-01T13:27:54.732Z,GOOGL,perp_spread,trade.xyz,349.820000,349.82,Bitget,350.536470,350.45,2500,14897.09,20.4811,-0.2089,15.0000,2.0000,0.0000,3.2722,715,2026-10-01T13:27:53.877Z,opp_1143e863544f84080d7f5305,sha256:2f69f757acb1833344629d284ae716ca00e1f98208076fd04ec9f333c461493c
2026-10-01T13:27:54.732Z,GOOGL,perp_spread,trade.xyz,349.820000,349.82,Bitget,350.541625,350.48,2500,19744.34,20.6285,-0.2089,15.0000,2.0000,0.0000,3.4196,1128,2026-10-01T13:27:53.877Z,opp_23177121ba2130f8407812c7,sha256:5a09d1b0a1037de5dda40be8b1aefb8c16866aaaf4ff130b09bc56de9d646872
2026-10-01T13:27:54.732Z,GOOGL,funding_differential,trade.xyz,349.820000,349.82,Bitget,350.536470,350.45,2500,14897.09,20.4811,-0.2089,15.0000,2.0000,0.0000,3.2722,715,2026-10-01T13:28:21.877Z,opp_d93b50e461ea3de4678c3f57,sha256:7aa19e3620fb610c647e63304178e50415176ccef352fa02bb7a6b92eccf5b45
2026-10-01T13:28:07.482Z,MSTR,perp_spread,trade.xyz,153.770000,153.77,Bitget,154.120214,154.1,2500,31379.63,22.7752,-0.3195,15.0000,2.0000,0.0000,5.4557,1757,2026-10-01T13:28:01.451Z,opp_4ddd9cb6ce350de52759fd8d,sha256:f215af5dfb895d96e1bf2c0ca37226c53de5f9683b34c3740c8eb0e884172318
2026-10-01T13:28:07.482Z,MSTR,funding_differential,trade.xyz,153.770000,153.77,Bitget,154.120214,154.1,2500,31379.63,22.7752,-0.3195,15.0000,2.0000,0.0000,5.4557,1757,2026-10-01T13:28:29.451Z,opp_706592099331a2986657edce,sha256:e3c76592cbdeb33413d6f23ccb6ecc825b5e58d80a6d2aefdb3253ab187d5d2e
2026-10-01T13:28:14.076Z,HOOD,perp_spread,trade.xyz,112.340000,112.34,Bitget,112.569285,112.56,2500,24684.28,20.4099,-0.0690,15.0000,2.0000,0.0000,3.3409,1362,2026-10-01T13:28:10.524Z,opp_1d61aec66f2f1e9a765953db,sha256:6fbe2df8b9f0bd13cc4f37e639f4e58aa6fa0eae86c39443d94fccd6cbbfcfcd
2026-10-01T13:28:14.076Z,HOOD,perp_spread,trade.xyz,112.340000,112.34,Bitget,112.569285,112.56,2500,24684.28,20.4099,-0.0690,15.0000,2.0000,0.0000,3.3409,1077,2026-10-01T13:28:10.524Z,opp_2919ea0e983ea66cdc8c348f,sha256:3e789f27ae52592607e4efa4c070f8e6a79dd5d4e6fda4aeed2e7f8fccd00e52
2026-10-01T13:28:14.076Z,HOOD,perp_spread,trade.xyz,112.336576,112.34,Bitget,112.565718,112.56,2500,19117.60,20.3978,-0.0690,15.0000,2.0000,0.0000,3.3288,1114,2026-10-01T13:28:11.099Z,opp_cec36cff7d4aedcf051b356e,sha256:8c46d30ae20ecf6dea11a69a2892c4f0fbf2790e9c6e7476b33c5df2030a52a0
2026-10-01T13:28:14.076Z,HOOD,funding_differential,trade.xyz,112.336576,112.34,Bitget,112.565718,112.56,2500,19117.60,20.3978,-0.0690,15.0000,2.0000,0.0000,3.3288,1114,2026-10-01T13:28:39.099Z,opp_dcaf00bf71a019d35067653f,sha256:31a2ff53bdc823c7d292c84d9c591f158b616dff43e4a4f47e9f1da789f0d31f
2026-10-01T13:28:14.076Z,HOOD,funding_differential,trade.xyz,112.340000,112.34,Bitget,112.569285,112.56,2500,24684.28,20.4099,-0.0690,15.0000,2.0000,0.0000,3.3409,1077,2026-10-01T13:28:38.524Z,opp_fe95f1d2de237aa6a7418d2f,sha256:bb8eaffd3730f1c532dba02c92e87592af37f8f3e7f631c702189a025edab003
2026-10-01T13:30:14.674Z,AAPL,funding_differential,trade.xyz,330.570575,330.58,Bitget,331.489434,331.45,2500,20521.69,27.7962,-0.0625,15.0000,2.0000,0.0000,10.7337,1168,2026-10-01T13:30:33.198Z,opp_12ad1b19c60ab316651141c6,sha256:9d75a1dca14cc837394d3edb4a65e4cea8a3f117d13f26b619e076f953bf388e
2026-10-01T13:30:14.674Z,AAPL,perp_spread,trade.xyz,330.570575,330.58,Bitget,331.489434,331.45,2500,20521.69,27.7962,-0.0625,15.0000,2.0000,0.0000,10.7337,1168,2026-10-01T13:30:05.198Z,opp_bd72d003fe661d801375cfb6,sha256:798eeb2fd63e852ee522babd3aa42104c695464916f3233d0ec44887e097690d
2026-10-01T13:30:40.070Z,HOOD,perp_spread,trade.xyz,112.586643,112.59,Bitget,112.851070,112.82,2500,36688.51,23.4865,-0.0766,15.0000,2.0000,0.0000,6.4100,1875,2026-10-01T13:30:37.165Z,opp_dda244e59d67bd4eabf10de8,sha256:6ecfb926fb8184b236e2c6468d40f1ef8e6c0b3fd1a0de0fc7c975cbc682a04f
2026-10-01T13:30:49.664Z,HOOD,perp_spread,trade.xyz,112.550000,112.55,Bitget,112.759864,112.65,2500,88999.40,18.6463,-0.0766,15.0000,2.0000,0.0000,1.5698,787,2026-10-01T13:30:46.951Z,opp_450a17f0bcd386670781cb4d,sha256:e7a54e33b51280569e207d1d40fd7813556ecad71df2637df5fbedf1f7c0c95f
2026-10-01T13:30:49.664Z,HOOD,funding_differential,trade.xyz,112.550000,112.55,Bitget,112.759864,112.65,2500,88999.40,18.6463,-0.0766,15.0000,2.0000,0.0000,1.5698,787,2026-10-01T13:31:14.951Z,opp_c66d2d188186fd349bc47c32,sha256:03532e8e74d81cae61126183b93e42015b2cc43f2b3b222b722bd46eaea65b8c
2026-10-01T13:31:28.210Z,HOOD,perp_spread,trade.xyz,112.500000,112.5,Bitget,112.739687,112.69,2500,55654.71,21.3055,-0.0778,15.0000,2.0000,0.0000,4.2277,1585,2026-10-01T13:31:26.143Z,opp_05d2c4cbc21b0017bb6ea6d0,sha256:b25d1995da43e44c1afc68e79bf281874bd9e3778c936b39667d6474fd579e1a
2026-10-01T13:31:28.210Z,HOOD,funding_differential,trade.xyz,112.500000,112.5,Bitget,112.739687,112.69,2500,55654.71,21.3055,-0.0778,15.0000,2.0000,0.0000,4.2277,1585,2026-10-01T13:31:54.143Z,opp_73d2df89082439b2bd7a10c0,sha256:5d5c2c29a903e5f082eb72df8b7f42c7fab3f887a70dd7d5e8a2c4214c511050
2026-10-01T13:31:41.638Z,MSTR,funding_differential,Bitget,153.295074,153.32,trade.xyz,153.660000,153.66,2500,29005.61,23.8054,0.3284,15.0000,2.0000,0.0000,7.1338,1078,2026-10-01T13:32:06.443Z,opp_21e9d5cad132fec0b63c2fa6,sha256:548806694afdeeba4fd3dde8a8049e536c7896fa1af763948b70732ea653c097
2026-10-01T13:31:41.638Z,MSTR,funding_differential,Bitget,153.214171,153.26,trade.xyz,153.610000,153.61,2500,45353.84,25.8350,0.3284,15.0000,2.0000,0.0000,9.1634,1114,2026-10-01T13:32:05.900Z,opp_23a06177e174cdcf21306849,sha256:60b83f9a37abc085df375ae1dbcc915b08fdee44e2ed2a332a623a2766429e96
2026-10-01T13:31:41.638Z,MSTR,perp_spread,Bitget,153.214171,153.26,trade.xyz,153.660000,153.66,2500,29005.61,29.0984,0.3284,15.0000,2.0000,0.0000,12.4268,870,2026-10-01T13:31:38.443Z,opp_48f54f1b228918031ccdaa2e,sha256:488552968d7d2f2e08d9194dfc17b806f555ff77ebabac633c92b5e77f2adc1e
2026-10-01T13:31:41.638Z,MSTR,perp_spread,Bitget,153.295074,153.32,trade.xyz,153.660000,153.66,2500,29005.61,23.8054,0.3284,15.0000,2.0000,0.0000,7.1338,1078,2026-10-01T13:31:38.443Z,opp_5696ca0c50706e1465ba26aa,sha256:bd6279ff4a6e3d5a740ebc2d4a60b24b609c10cfd7eb5c08ddcda1517c08b9da
2026-10-01T13:31:41.638Z,MSTR,funding_differential,Bitget,153.214171,153.26,trade.xyz,153.660000,153.66,2500,29005.61,29.0984,0.3284,15.0000,2.0000,0.0000,12.4268,870,2026-10-01T13:32:06.443Z,opp_6cb32c5bb9211ec82538293b,sha256:bb5cfd2c730bd60c6b2f733481187da8bf28c675bc28ada205a858a46ee66b3b
2026-10-01T13:31:41.638Z,MSTR,perp_spread,Bitget,153.214171,153.26,trade.xyz,153.610000,153.61,2500,45353.84,25.8350,0.3284,15.0000,2.0000,0.0000,9.1634,1114,2026-10-01T13:31:37.900Z,opp_790420ecdc77a7fffc98ebf7,sha256:1a00b3752cdab9c144c493c906cc4ac6e0dc8522bb7ebb1b14181a22b0412914
2026-10-01T13:31:41.638Z,MSTR,funding_differential,Bitget,153.214171,153.26,trade.xyz,153.610000,153.61,2500,45353.84,25.8350,0.3284,15.0000,2.0000,0.0000,9.1634,1007,2026-10-01T13:32:05.900Z,opp_d54bcbccd5019c2106eeaf12,sha256:cfa9be0a30c3cd5bf53bdcebbb113516c9bfcd994bff296d4f68ec761763cde0
2026-10-01T13:31:41.638Z,MSTR,perp_spread,Bitget,153.214171,153.26,trade.xyz,153.610000,153.61,2500,45353.84,25.8350,0.3284,15.0000,2.0000,0.0000,9.1634,1007,2026-10-01T13:31:37.900Z,opp_e3bc1e2a4a396d4123033c08,sha256:a1a21fe696143a39601153ba667ff5c16f150d801d68c9a2e9dafe0b11c8119a
2026-10-01T13:31:51.287Z,MSFT,funding_differential,trade.xyz,518.106000,518.11,Bitget,519.010000,519.01,2500,29246.24,17.4482,-0.0158,15.0000,2.0000,0.0000,0.4324,770,2026-10-01T13:32:17.812Z,opp_74aec5795a0218944bea6ad8,sha256:e6f535982d22fa8df9f4b08d1914a9eda1844078df9ef63d87eed9357740a8a9
2026-10-01T13:31:51.287Z,MSFT,perp_spread,trade.xyz,518.106000,518.11,Bitget,519.010000,519.01,2500,29246.24,17.4482,-0.0158,15.0000,2.0000,0.0000,0.4324,770,2026-10-01T13:31:49.812Z,opp_cf7b9749c7898afea1c59880,sha256:406ddfb1c6276b31819abb30ece1563354ea764ed9532c871cc7613dbf525e45
2026-10-01T13:31:51.287Z,MSFT,perp_spread,trade.xyz,518.106000,518.11,Bitget,519.006996,518.84,2500,29246.24,17.3902,-0.0158,15.0000,2.0000,0.0000,0.3744,984,2026-10-01T13:31:49.812Z,opp_f1f13c4b672751f7343c3b60,sha256:68dc511b3cf54a8b58306004bc6e04a625ff19f3d39460516b0a2ae446f68793
2026-10-01T13:31:51.288Z,MSFT,funding_differential,trade.xyz,518.106000,518.11,Bitget,519.006996,518.84,2500,29246.24,17.3902,-0.0158,15.0000,2.0000,0.0000,0.3744,984,2026-10-01T13:32:17.812Z,opp_42a799102441f19a9e0430e2,sha256:9b8a08b67456bec2a6a74bf8e3aa97745ec5b68cfda2926b8a03da3c86087ff2
2026-10-01T13:32:15.845Z,MSFT,funding_differential,trade.xyz,520.030000,520.03,Bitget,521.028804,520.83,2500,18646.08,19.2067,-0.0074,15.0000,2.0000,0.0000,2.1993,737,2026-10-01T13:32:41.575Z,opp_4126f7f802d2b1caf904a937,sha256:3bc3fd0804fda09bd3c413f799f930e31f36f131fe3bbe4a23681fdde45275c8
2026-10-01T13:32:15.845Z,MSFT,perp_spread,trade.xyz,520.030000,520.03,Bitget,521.028804,520.83,2500,18646.08,19.2067,-0.0074,15.0000,2.0000,0.0000,2.1993,737,2026-10-01T13:32:13.575Z,opp_80ddbd90209ba36bd97644b1,sha256:5ea7632b6362d2b491daa9372a885470c1a2e8d306380d8062004427b983f680
2026-10-01T13:32:15.845Z,MSFT,perp_spread,trade.xyz,520.030000,520.03,Bitget,521.028804,520.83,2500,18646.08,19.2067,-0.0074,15.0000,2.0000,0.0000,2.1993,898,2026-10-01T13:32:13.575Z,opp_93830b68b138a44035ef27a6,sha256:c5bf5edaa29c0811672d30a1ff8260ad52c57ff83291628d407364c90133cfe1
2026-10-01T13:32:15.845Z,MSFT,funding_differential,trade.xyz,520.030000,520.03,Bitget,521.028804,520.83,2500,18646.08,19.2067,-0.0074,15.0000,2.0000,0.0000,2.1993,898,2026-10-01T13:32:41.575Z,opp_a30034ab5506b83c36eddc4a,sha256:b4a01dcb0dce50aeecfc790141789fe126cfb8dcb1ff8676e15f940916687aa3
2026-10-01T13:32:21.675Z,HOOD,perp_spread,trade.xyz,112.396000,112.4,Bitget,112.601657,112.5,2500,61049.32,18.2976,-0.0796,15.0000,2.0000,0.0000,1.2180,1285,2026-10-01T13:32:20.601Z,opp_4b93ca2c696566337479206e,sha256:591311f132e1ae277800053bf022c6eb5ce645603f7fcf702938d28a56fa2073
2026-10-01T13:32:21.675Z,HOOD,funding_differential,trade.xyz,112.396000,112.4,Bitget,112.601657,112.5,2500,61049.32,18.2976,-0.0796,15.0000,2.0000,0.0000,1.2180,1285,2026-10-01T13:32:48.601Z,opp_4ff694ca3d7d1084e571122b,sha256:e32a2167c8b1217c8a944218f6621d7c5cff47b8aaa46787ce929f4aaa2f038f
2026-10-01T13:32:21.675Z,HOOD,perp_spread,trade.xyz,112.396000,112.4,Bitget,112.601657,112.5,2500,59794.04,18.2976,-0.0796,15.0000,2.0000,0.0000,1.2180,1728,2026-10-01T13:32:20.027Z,opp_e39d78a1fd16fee741a4848f,sha256:3972321c9bf7f3e3bfb551c53345a8b76239805c2fa0035e82c369207f83d095
2026-10-01T13:32:29.945Z,MSFT,perp_spread,trade.xyz,521.124799,521.13,Bitget,522.337498,522.15,2500,42175.50,23.2708,-0.0074,15.0000,2.0000,0.0000,6.2634,1937,2026-10-01T13:32:25.439Z,opp_e574a13a90bdfdfbe63f5792,sha256:bb69bee0ac924f9bef9f2c0d6410f86e62b9a3633164b03e1dd646cba2d6ef99
2026-10-01T13:32:40.715Z,AAPL,perp_spread,trade.xyz,329.056000,329.06,Bitget,329.717305,329.66,2500,22667.64,20.0970,-0.0625,15.0000,2.0000,0.0000,3.0345,1042,2026-10-01T13:32:37.702Z,opp_ad4c58fd73d505b2130902a0,sha256:01ed05b3e3cc444208bba9cc2b235e98d2959259921627a15cd97da5f4558f4e
2026-10-01T13:32:44.214Z,MSTR,funding_differential,trade.xyz,153.490000,153.49,Bitget,153.841211,153.81,2500,20074.49,22.8817,-0.3271,15.0000,2.0000,0.0000,5.5546,1093,2026-10-01T13:33:09.469Z,opp_347e1e412dc5b3e98708dc11,sha256:327e46eb49968100383be4c529d8d28a724e0418cb4e0db248e10c3b18f58147
2026-10-01T13:32:44.214Z,AAPL,funding_differential,trade.xyz,329.056000,329.06,Bitget,329.717305,329.66,2500,22667.64,20.0970,-0.0625,15.0000,2.0000,0.0000,3.0345,1042,2026-10-01T13:33:05.702Z,opp_4003a3c7d4aac7ca9d55a130,sha256:3b071fbb329d557cefdbdeb9916049f71e62ab42ddb5b69266bde5776e1f6b40
2026-10-01T13:32:44.214Z,MSTR,perp_spread,trade.xyz,153.490000,153.49,Bitget,153.841211,153.81,2500,20074.49,22.8817,-0.3271,15.0000,2.0000,0.0000,5.5546,1093,2026-10-01T13:32:41.469Z,opp_7483048ac8f0f4cf589dbbf9,sha256:ec2b94ba54f15a04227c6a50d8691a40a88540aca1618cd8485a82b4aecb79fc
2026-10-01T13:32:51.103Z,MSFT,perp_spread,trade.xyz,519.260000,519.26,Bitget,520.158833,520.03,2500,17106.62,17.3099,-0.0074,15.0000,2.0000,0.0000,0.3025,833,2026-10-01T13:32:50.220Z,opp_b21402fe01c42245243e036f,sha256:bf1c999062cb3e22efbbd8105cb7742a1e3d3094f855f90225a2357025e7e484
2026-10-01T13:32:51.103Z,MSFT,funding_differential,trade.xyz,519.260000,519.26,Bitget,520.158833,520.03,2500,17106.62,17.3099,-0.0074,15.0000,2.0000,0.0000,0.3025,833,2026-10-01T13:33:18.220Z,opp_fa26e995c28a281b4a60204d,sha256:bc5e8c4da223e1b7587dc22f7bdd592af27d058c5e225aefe09c0b1135239cde
2026-10-01T13:33:12.899Z,NVDA,perp_spread,trade.xyz,229.112578,229.13,Bitget,229.538667,229.53,2500,235242.27,18.5974,-0.0625,15.0000,2.0000,0.0000,1.5349,1907,2026-10-01T13:33:04.105Z,opp_abc67a0df47f7d2c5a6d2ff0,sha256:de0b6189d4d63213b783a5ff80ab77e08053789fdce52e425f0ac9b71d1550ca
2026-10-01T13:33:15.209Z,NVDA,perp_spread,trade.xyz,229.240000,229.24,Bitget,229.753490,229.73,2500,237325.59,22.3997,-0.0625,15.0000,2.0000,0.0000,5.3372,1753,2026-10-01T13:33:09.060Z,opp_3631ebf077623c84f2b4c794,sha256:3e1dd2d40672d1aabf4b9d0d10320a89e81d13b399f0a5150aeecd021dc93376
2026-10-01T13:33:25.394Z,COIN,perp_spread,trade.xyz,188.880000,188.88,Bitget,189.294746,189.2,2500,20961.79,21.9582,-0.0633,15.0000,2.0000,0.0000,4.8949,1750,2026-10-01T13:33:19.292Z,opp_215cc03bd618d044483742d1,sha256:c69d5a2bacf643930f3527db85b86d1c2988779eac9c1784ba1a557e1566862c
2026-10-01T13:33:27.604Z,NVDA,funding_differential,trade.xyz,229.639525,229.65,Bitget,230.160274,230.15,2500,84683.05,22.6768,-0.0625,15.0000,2.0000,0.0000,5.6143,1165,2026-10-01T13:33:48.894Z,opp_34d5a219412708e15d6d377a,sha256:a1f9415f516657f35da72c250e2fccbf4538502bdf0e51d7c264d2667e9f1515
2026-10-01T13:33:27.604Z,NVDA,funding_differential,trade.xyz,229.639525,229.65,Bitget,230.160274,230.15,2500,84683.05,22.6768,-0.0625,15.0000,2.0000,0.0000,5.6143,834,2026-10-01T13:33:48.894Z,opp_4e9b7eaaed49ed5d367982cb,sha256:00433e6311b61bf44c7eca72936d66feb492b02f346a52e18ca08c7ac0e00641
2026-10-01T13:33:27.604Z,NVDA,perp_spread,trade.xyz,229.639525,229.65,Bitget,230.160274,230.15,2500,84683.05,22.6768,-0.0625,15.0000,2.0000,0.0000,5.6143,1165,2026-10-01T13:33:20.894Z,opp_60a72911a78023a8d433f696,sha256:f498bd90db71310a5f3a0e845829e69a2c36e68142dd6c48451a9fe8315b6fca
2026-10-01T13:33:27.604Z,NVDA,perp_spread,trade.xyz,229.639525,229.65,Bitget,230.160274,230.15,2500,84683.05,22.6768,-0.0625,15.0000,2.0000,0.0000,5.6143,834,2026-10-01T13:33:20.894Z,opp_e1bfba4b238f16eea72534b6,sha256:aeeff23944150c28094b0d782d1c5d390a1fd78c63a202d77b5c0b61dab85a05
2026-10-01T13:34:16.885Z,META,perp_spread,trade.xyz,728.489789,728.51,Bitget,730.361950,730.25,2500,4643.51,25.6992,-0.0625,15.0000,2.0000,0.0000,8.6367,1907,2026-10-01T13:34:13.017Z,opp_0c3ec61f6b504d2eb03f61cd,sha256:269d932b32cc85baa3157702c584f2885844a6d6264334ccc87f48a30e2415f5
2026-10-01T13:34:16.885Z,META,funding_differential,trade.xyz,728.489789,728.51,Bitget,730.361950,730.25,2500,4643.51,25.6992,-0.0625,15.0000,2.0000,0.0000,8.6367,1907,2026-10-01T13:34:41.017Z,opp_622f435ffe797a82fabfcf50,sha256:68c08d66e9e8a6b51734096a3a327313f8d773c0ea81d810cda70b883a8a9541
2026-10-01T13:35:03.145Z,AAPL,perp_spread,trade.xyz,330.599678,330.68,Bitget,331.229757,331.16,2500,22718.14,19.0587,-0.0625,15.0000,2.0000,0.0000,1.9962,1108,2026-10-01T13:34:58.208Z,opp_e34e243885cef717b2308856,sha256:91786d44a74a179bff16a04f1654e1d9a66237bcde84cfd6b46c9bebc2272a97
2026-10-01T13:35:29.173Z,MSTR,perp_spread,trade.xyz,154.440000,154.44,Bitget,154.725219,154.71,2500,21535.61,18.4679,-0.3263,15.0000,2.0000,0.0000,1.1416,1835,2026-10-01T13:35:23.563Z,opp_1b01d5d845fcfcebcf462b2a,sha256:388bdefef29d43bbdac84a37ec7e26294d5d20fb0661411d0e12f90ae7cdae7d
2026-10-01T13:35:29.173Z,MSTR,funding_differential,trade.xyz,154.440000,154.44,Bitget,154.725219,154.71,2500,21535.61,18.4679,-0.3263,15.0000,2.0000,0.0000,1.1416,1835,2026-10-01T13:35:51.563Z,opp_c29354b769c36df1ca684373,sha256:98ee6f5f75ac89bdca8b2df8aa769f4938196474cef1afbd32efb87529ce34db
2026-10-01T13:35:32.387Z,COIN,perp_spread,trade.xyz,187.970000,187.97,Bitget,188.315411,188.28,2500,5192.22,18.3758,-0.0625,15.0000,2.0000,0.0000,1.3133,1469,2026-10-01T13:35:27.314Z,opp_3046fabb1d3f7fa8f61cb03f,sha256:6c098cf62fdd55329320a550b1c7966aebc63522dcb04baad62adf066ad50c79
2026-10-01T13:35:32.387Z,COIN,funding_differential,trade.xyz,187.970000,187.97,Bitget,188.315411,188.28,2500,5192.22,18.3758,-0.0625,15.0000,2.0000,0.0000,1.3133,1469,2026-10-01T13:35:55.314Z,opp_3f81f08c63c3fb21c9e8c7bf,sha256:21346b1fb577c4d7a551a67d791a506411a239e697c31de8439e2770889874a4
2026-10-01T13:35:53.747Z,MSTR,perp_spread,trade.xyz,154.550000,154.55,Bitget,154.826579,154.81,2500,68295.58,17.8958,-0.3263,15.0000,2.0000,0.0000,0.5694,1498,2026-10-01T13:35:50.256Z,opp_3333c1c46ada6c85dd8eab1d,sha256:3f6550d7a294ac097c6f95f6b0c897ac514b4bd1c330980734a447fa8f8b3ee9
2026-10-01T13:35:53.747Z,MSTR,funding_differential,trade.xyz,154.550000,154.55,Bitget,154.826579,154.81,2500,68295.58,17.8958,-0.3263,15.0000,2.0000,0.0000,0.5694,1498,2026-10-01T13:36:18.256Z,opp_8afee6723f0f2a00813f9c53,sha256:20c40f733c3f5d3076a97ad9af399b933c5cd321cc5ee48cc986d7a128aeb097
2026-10-01T13:36:23.518Z,COIN,funding_differential,trade.xyz,188.988129,189.01,Bitget,189.311294,189.29,2500,16401.24,17.0997,-0.0688,15.0000,2.0000,0.0000,0.0309,718,2026-10-01T13:36:48.919Z,opp_1fe552f462c9bd61eff50507,sha256:e97191acbb558aaf601d78809b12ea69e0ac529acf2f53996058330c2caad5c8
2026-10-01T13:36:23.518Z,COIN,perp_spread,trade.xyz,188.988129,189.01,Bitget,189.311294,189.29,2500,16401.24,17.0997,-0.0688,15.0000,2.0000,0.0000,0.0309,563,2026-10-01T13:36:20.919Z,opp_39a4b7c87ef3e53517c91ffb,sha256:a66425252c8543f00052dfee59511a6ca9d424b770ea04f4a9712244fa5f86cf
2026-10-01T13:36:23.518Z,COIN,perp_spread,trade.xyz,188.988129,189.01,Bitget,189.311294,189.29,2500,16401.24,17.0997,-0.0688,15.0000,2.0000,0.0000,0.0309,718,2026-10-01T13:36:20.919Z,opp_61f9a368c397b6a454509551,sha256:75c43ec83f1fb75388fe92dde610fca4cdbfb5520c39538d45cf4f153c0f96a6
2026-10-01T13:36:23.518Z,COIN,funding_differential,trade.xyz,188.988129,189.01,Bitget,189.311294,189.29,2500,16401.24,17.0997,-0.0688,15.0000,2.0000,0.0000,0.0309,563,2026-10-01T13:36:48.919Z,opp_68ed40a7aa8e2e93a8ef8652,sha256:703bc8764a91543ceab4f905a9600af76ecb04bdb413a3b03cb3174ad9a410d4
2026-10-01T13:38:04.362Z,MSTR,funding_differential,trade.xyz,155.900000,155.9,Bitget,156.218673,156.18,2500,16513.75,20.4409,-0.3195,15.0000,2.0000,0.0000,3.1214,1429,2026-10-01T13:38:27.927Z,opp_75fba576047497ea9c20aea9,sha256:a635b1f2c58317a6f691fc96d646bcb2fd861b6c2b512e2a206ad82178ec548a
2026-10-01T13:38:04.362Z,MSTR,perp_spread,trade.xyz,155.900000,155.9,Bitget,156.184856,156.17,2500,16513.75,18.2717,-0.3195,15.0000,2.0000,0.0000,0.9522,990,2026-10-01T13:37:59.927Z,opp_7cd3337eb1d63eaa5f405e25,sha256:14e917d0da07e16bd46ac29ba37f6e974daf20efa0f8fb8bf8440f244f62c71e
2026-10-01T13:38:04.362Z,HOOD,funding_differential,trade.xyz,112.568674,112.58,Bitget,112.773193,112.72,2500,46926.72,18.1684,-0.0766,15.0000,2.0000,0.0000,1.0918,1056,2026-10-01T13:38:27.927Z,opp_8a0156834322d98ef8d4c644,sha256:b44c2e6f1575cb42582a3222cfb824c155539851717e95f8cd0f9089ae694235
2026-10-01T13:38:04.362Z,HOOD,funding_differential,trade.xyz,112.568674,112.58,Bitget,112.775599,112.71,2500,46926.72,18.3822,-0.0766,15.0000,2.0000,0.0000,1.3055,1607,2026-10-01T13:38:27.927Z,opp_cc76ea4a6fe2cccc580f32f1,sha256:b2a08199d391cab2b0a6c2915512a1bf1c9ecc10d30e9ff735621fcbd49bb307
2026-10-01T13:38:04.362Z,MSTR,perp_spread,trade.xyz,155.900000,155.9,Bitget,156.218673,156.18,2500,16513.75,20.4409,-0.3195,15.0000,2.0000,0.0000,3.1214,1429,2026-10-01T13:37:59.927Z,opp_d6d0f79e90a642d0aa606bea,sha256:c6c600559ab817d4b36b07d8a367b53f2631b2d576500f25ae7ef325d18cbd2a
2026-10-01T13:38:04.362Z,MSTR,funding_differential,trade.xyz,155.900000,155.9,Bitget,156.184856,156.17,2500,16513.75,18.2717,-0.3195,15.0000,2.0000,0.0000,0.9522,990,2026-10-01T13:38:27.927Z,opp_d82ad80201841b70f8c4d618,sha256:0a4497ee8687edd8e52403a433bbf731f68592a3abeb5a11c78c5d470e8ec4d8
2026-10-01T13:38:04.362Z,HOOD,perp_spread,trade.xyz,112.568674,112.58,Bitget,112.773193,112.72,2500,46926.72,18.1684,-0.0766,15.0000,2.0000,0.0000,1.0918,1056,2026-10-01T13:37:59.927Z,opp_e82752130e30d8b9901a7120,sha256:3b629f568fdc9895d4b75741c5d0ac0a1a4c86983be693b2916320de490f7afb
2026-10-01T13:38:04.362Z,HOOD,perp_spread,trade.xyz,112.568674,112.58,Bitget,112.775599,112.71,2500,46926.72,18.3822,-0.0766,15.0000,2.0000,0.0000,1.3055,1607,2026-10-01T13:37:59.927Z,opp_f371c847c3cf0ef89d7207e4,sha256:d42dc679fcfa1e9eb2114f3f2f2cfbbb0ebe1f4e4245af5bc9ee3378fde7fbec
2026-10-01T13:38:25.243Z,HOOD,perp_spread,trade.xyz,112.490000,112.49,Bitget,112.686639,112.64,2500,19507.23,17.4806,-0.0824,15.0000,2.0000,0.0000,0.3982,766,2026-10-01T13:38:25.360Z,opp_418e8009ceab45960a25eee7,sha256:a1bef49a42e8fefe5f6c89345735dc0089c7e48621aa75360254bdb78baef704
2026-10-01T13:38:25.243Z,HOOD,funding_differential,trade.xyz,112.490000,112.49,Bitget,112.686639,112.64,2500,19507.23,17.4806,-0.0824,15.0000,2.0000,0.0000,0.3982,766,2026-10-01T13:38:53.360Z,opp_cc9303238d1a5fe0053f26cd,sha256:08f9751baf8287a411ddb01d36686b908fc2a05388ef4bc1d4f0c9d098dd8fc2
2026-10-01T13:39:30.157Z,HOOD,perp_spread,trade.xyz,112.761517,112.77,Bitget,112.972410,112.92,2500,42890.54,18.7026,-0.0826,15.0000,2.0000,0.0000,1.6199,1191,2026-10-01T13:39:28.377Z,opp_da661fc4c020dd40b5ba8e17,sha256:c811893047b7d77c995d7c1058112b1ca0e189ab99cffbbe17cd01ad743dc21d
2026-10-01T13:40:57.767Z,META,perp_spread,trade.xyz,731.655206,731.66,Bitget,732.999574,732.76,2500,40239.72,18.3743,-0.0625,15.0000,2.0000,0.0000,1.3118,826,2026-10-01T13:40:57.316Z,opp_2b535fcaa66dcaaa1d95b664,sha256:54e55963a2b04f7396735f5a3fdce393c5f4bb9d6791238beb4dcdaaa9d2dfec
2026-10-01T13:40:57.767Z,META,funding_differential,trade.xyz,731.655206,731.66,Bitget,732.999574,732.76,2500,40239.72,18.3743,-0.0625,15.0000,2.0000,0.0000,1.3118,826,2026-10-01T13:41:25.316Z,opp_4c1e380f025e7e937179271d,sha256:7e11c23b4f57a8122605ab0f6144f1f42dfb41acc24437e02083c90d54cdffa4
2026-10-01T13:46:32.043Z,META,perp_spread,trade.xyz,730.766001,730.77,Bitget,732.205411,732.01,2500,12113.45,19.6973,-0.0625,15.0000,2.0000,0.0000,2.6348,1597,2026-10-01T13:46:30.752Z,opp_759cba85ad20dd7c5680c7df,sha256:0463eab68a6d5cfafa64e5dfcb70d4e5ffd5fdcf6407b5f32ab56ccc0372fa41
2026-10-01T13:46:32.432Z,META,funding_differential,trade.xyz,730.766001,730.77,Bitget,732.205411,732.01,2500,12113.45,19.6973,-0.0625,15.0000,2.0000,0.0000,2.6348,1597,2026-10-01T13:46:58.752Z,opp_ac5ab38497a3610df12ee435,sha256:aa9b3ef763395708c99894c77071c7c9f2f2805db85b0cd083fcb3c564ae2436
2026-10-01T13:46:50.817Z,MSTR,perp_spread,trade.xyz,158.290000,158.29,Bitget,158.603570,158.59,2500,22565.25,19.8099,-0.2670,15.0000,2.0000,0.0000,2.5428,1021,2026-10-01T13:46:49.701Z,opp_46a0277f6c5e69ffae145412,sha256:a1579d2c7054da3f31e5678849229f2bb203b4a07382aceacb32adba127ee895
2026-10-01T13:46:50.817Z,MSTR,funding_differential,trade.xyz,158.290000,158.29,Bitget,158.603570,158.59,2500,22565.25,19.8099,-0.2670,15.0000,2.0000,0.0000,2.5428,1021,2026-10-01T13:47:17.701Z,opp_66fc050f615e7451aa99af3c,sha256:1753da745476f954217de6063fed2ae8a2866ea6b6d12ffc57ae290c60e2fb1c
2026-10-01T13:51:26.594Z,MSTR,perp_spread,trade.xyz,156.590000,156.59,Bitget,156.865034,156.85,2500,76394.72,17.5640,-0.2484,15.0000,2.0000,0.0000,0.3155,1060,2026-10-01T13:51:25.465Z,opp_c6a6f3a3f20aa6c55a6c9e00,sha256:34b1ad6f8a0883426806441f75696e640fbe67b4f3d43cf8a558703001e64f6f
2026-10-01T13:52:05.749Z,MSTR,perp_spread,trade.xyz,156.419797,156.42,Bitget,156.705859,156.69,2500,10910.93,18.2881,-0.2500,15.0000,2.0000,0.0000,1.0380,1651,2026-10-01T13:52:04.094Z,opp_48f6e8c099396e1bb64da606,sha256:39dbea651027819c86c5ae9973ea4f590848ed04312bb10fa177c7d9b952e166
2026-10-01T13:52:05.749Z,MSTR,funding_differential,trade.xyz,156.419797,156.42,Bitget,156.705859,156.69,2500,10910.93,18.2881,-0.2500,15.0000,2.0000,0.0000,1.0380,1651,2026-10-01T13:52:32.094Z,opp_4c479248ee613c6f8f77c44a,sha256:6a8ac249f1f3afabd76be6c3990e0c9c33bfc58ed56dbb87e76acd96c9e469a9
2026-10-01T13:52:05.749Z,MSTR,perp_spread,trade.xyz,156.513997,156.57,Bitget,156.804740,156.79,2500,42823.31,18.5761,-0.2500,15.0000,2.0000,0.0000,1.3261,1668,2026-10-01T13:52:04.625Z,opp_5ce3745223317080a7c05e6a,sha256:7d757faea227fd4c6b70cb29d8e59d8a5fc405f785b5d842bfdd6ea64797f69f
2026-10-01T13:56:35.324Z,MSTR,perp_spread,trade.xyz,156.980000,156.98,Bitget,157.300218,157.29,2500,52323.85,20.3987,-0.2409,15.0000,2.0000,0.0000,3.1578,1830,2026-10-01T13:56:33.454Z,opp_833e4d91d9f148469ef204ae,sha256:65ea1799128064562b83894dd20b9a5632bc367844cfef4acda307bd6e650ea3
2026-10-01T14:06:23.225Z,MSTR,perp_spread,trade.xyz,156.680000,156.68,Bitget,156.952263,156.92,2500,135928.59,17.3770,-0.1496,15.0000,2.0000,0.0000,0.2274,1102,2026-10-01T14:06:21.514Z,opp_df523400faef2b824063b982,sha256:26e7a82a07219b5ef957823ab1956ebb1e7de5e306862563912ef84282911f4f
2026-10-01T14:08:08.154Z,MSTR,funding_differential,trade.xyz,157.050000,157.05,Bitget,157.338119,157.32,2500,59893.02,18.3457,-0.2233,15.0000,2.0000,0.0000,1.1224,1210,2026-10-01T14:08:31.983Z,opp_b0e5693d8a8d5fd2fbfe39ce,sha256:9683833ab102d603b4ceb899d37dd88a935a95f3d300916bf75947cdbb0d4f05
2026-10-01T14:08:08.154Z,MSTR,perp_spread,trade.xyz,157.050000,157.05,Bitget,157.338119,157.32,2500,59893.02,18.3457,-0.2233,15.0000,2.0000,0.0000,1.1224,1210,2026-10-01T14:08:03.983Z,opp_cc72ef46f3f7d24e1d003eda,sha256:40b85775d9371dfe6ab8b9964eca2a2785ea5db3f276313a9ae2f08c3e0ca8d3
2026-10-01T14:08:44.042Z,HOOD,funding_differential,trade.xyz,112.060000,112.06,Bitget,112.293148,112.22,2500,59899.40,20.8056,-0.0625,15.0000,2.0000,0.0000,3.7431,922,2026-10-01T14:09:10.484Z,opp_0da9b9bb99d0575d6b7dbe21,sha256:1962bf15bd08360f6655e62083943d80bb292b721ba8557dc5c262fff63a69aa
2026-10-01T14:08:44.042Z,HOOD,perp_spread,trade.xyz,112.060000,112.06,Bitget,112.293148,112.22,2500,59899.40,20.8056,-0.0625,15.0000,2.0000,0.0000,3.7431,922,2026-10-01T14:08:42.484Z,opp_1b65bf36b7a84f6954bd4f93,sha256:07643175bb35988e9f06578cb02f091dd411327e0be68b5e6aea3a6fb4d370a5
2026-10-01T14:08:44.042Z,MSTR,perp_spread,trade.xyz,157.320000,157.32,Bitget,157.690000,157.69,2500,106963.81,23.5189,-0.2233,15.0000,2.0000,0.0000,6.2957,1339,2026-10-01T14:08:42.484Z,opp_1e4bb8264494185ee7e40774,sha256:f091e8942a02233a8b179c6de45d4f705d17a6763f6ead7125821cb01726df01
2026-10-01T14:08:44.042Z,MSTR,perp_spread,trade.xyz,157.320000,157.32,Bitget,157.814955,157.81,2500,104021.01,31.4617,-0.2233,15.0000,2.0000,0.0000,14.2384,791,2026-10-01T14:08:42.484Z,opp_9601537f480691da8d366d23,sha256:8021d97ed06c61c6a0377b4ce910dda64289bf9cf68a9b0d31e3d2a33ad24cfa
2026-10-01T14:08:44.042Z,MSTR,funding_differential,trade.xyz,157.320000,157.32,Bitget,157.814955,157.81,2500,104021.01,31.4617,-0.2233,15.0000,2.0000,0.0000,14.2384,791,2026-10-01T14:09:10.484Z,opp_e06775c9bae07aa6fc411300,sha256:e28be342fcc8e5df131158a0764e5a14f7f3a00f406dce66be46e8f892b04757
2026-10-01T14:08:44.042Z,MSTR,funding_differential,trade.xyz,157.320000,157.32,Bitget,157.690000,157.69,2500,106963.81,23.5189,-0.2233,15.0000,2.0000,0.0000,6.2957,1339,2026-10-01T14:09:10.484Z,opp_e7e4550fb27637842e63b2e9,sha256:80cc49e69d1f82104e48791425bbdc011d74c41d69da6f5fdace09e9ba7fbf0d
2026-10-01T14:08:44.204Z,MSTR,perp_spread,trade.xyz,157.434987,157.48,Bitget,157.801109,157.79,2500,8625.46,23.2554,-0.2233,15.0000,2.0000,0.0000,6.0322,1717,2026-10-01T14:08:43.043Z,opp_252a476a9fa671b3f0022f07,sha256:022e841f9265321e4dfa91feb637af91f97f70eab088f784f70ba779ab5c49ac
2026-10-01T14:08:44.204Z,MSTR,funding_differential,trade.xyz,157.434987,157.48,Bitget,157.720965,157.71,2500,8625.46,18.1648,-0.2233,15.0000,2.0000,0.0000,0.9415,1219,2026-10-01T14:09:11.043Z,opp_6cd79d28fd6bc244b986286b,sha256:50691b61d4078869df1f8fab47736481851e12631bbfef21f2a1606c44cca844
2026-10-01T14:08:44.204Z,MSTR,funding_differential,trade.xyz,157.434987,157.48,Bitget,157.801109,157.79,2500,8625.46,23.2554,-0.2233,15.0000,2.0000,0.0000,6.0322,1717,2026-10-01T14:09:11.043Z,opp_cf47e2c8323427faa5b35574,sha256:a46814672e7ea74bc5b4dc0ce230ff890e0fa505f2b806a5f9765f3b6239612c
2026-10-01T14:08:44.204Z,MSTR,perp_spread,trade.xyz,157.434987,157.48,Bitget,157.720965,157.71,2500,8625.46,18.1648,-0.2233,15.0000,2.0000,0.0000,0.9415,1219,2026-10-01T14:08:43.043Z,opp_f7995088dead79da89f21812,sha256:4dd2ee9ada8532b52f9db2c1e85590013159cd4a9638859888f7db30132d6c35
2026-10-01T14:35:26.475Z,HOOD,funding_differential,trade.xyz,112.440000,112.44,Bitget,112.699208,112.68,2500,64605.84,23.0530,-0.0625,15.0000,2.0000,0.0000,5.9905,1150,2026-10-01T14:35:52.395Z,opp_11a637cddc11344d15debc77,sha256:c21406ae0483b8dfd792fe0518d1c0940778ee50d4f56122122d134258d9b42c
2026-10-01T14:35:26.475Z,HOOD,perp_spread,trade.xyz,112.440000,112.44,Bitget,112.699208,112.68,2500,64605.84,23.0530,-0.0625,15.0000,2.0000,0.0000,5.9905,1150,2026-10-01T14:35:24.395Z,opp_ddf0e7c999e8a0c5a8830409,sha256:d693d805652dc800631d476fea81a3ea52de14071e031d2840f76746479e1874
2026-10-01T14:36:27.435Z,MSTR,perp_spread,trade.xyz,157.762995,157.77,Bitget,158.051759,158.04,2500,44209.33,18.3037,-0.2406,15.0000,2.0000,0.0000,1.0631,933,2026-10-01T14:36:26.659Z,opp_5ba264cf57a0177675fb8fa7,sha256:9471307dbd89be784e17db01ea690dae5cdb5a89d0ac71766c5e2b2d96ef76e6
2026-10-01T14:36:27.435Z,MSTR,funding_differential,trade.xyz,157.762995,157.77,Bitget,158.051759,158.04,2500,44209.33,18.3037,-0.2406,15.0000,2.0000,0.0000,1.0631,933,2026-10-01T14:36:54.659Z,opp_6f67bd775b97e48138abec92,sha256:663b4081e55b22b4a230539be20b7686906cd440e2e3bea3c889fecd48c5f23f
2026-10-01T14:53:22.729Z,MSTR,funding_differential,trade.xyz,156.030000,156.03,Bitget,156.318635,156.31,2500,79839.34,18.4987,-0.2136,15.0000,2.0000,0.0000,1.2850,933,2026-10-01T14:53:50.756Z,opp_05fc4e9beaf96c749ab4eeb6,sha256:535f8c71a472df5b3e6207e574074815699009105b243ffe36cd92bed56faa2a
2026-10-01T14:53:22.729Z,MSTR,perp_spread,trade.xyz,156.030000,156.03,Bitget,156.318635,156.31,2500,79839.34,18.4987,-0.2136,15.0000,2.0000,0.0000,1.2850,933,2026-10-01T14:53:22.756Z,opp_9666eb20b1c053b758c962a1,sha256:aa0f661ec1d907f2788f2f3ab39bfd07d15dd9200e690bcbde2f92731832f021
2026-10-01T14:58:15.658Z,MSTR,funding_differential,trade.xyz,156.729804,156.73,Bitget,157.071026,157.06,2500,55070.40,21.7714,-0.2157,15.0000,2.0000,0.0000,4.5556,1065,2026-10-01T14:58:39.069Z,opp_33eb8b45923afb8a8f9fb066,sha256:379c7fff391e76529eee9dcd1503911ae0dbcdb3c0878ced65d289374e490645
2026-10-01T14:58:15.658Z,MSTR,perp_spread,trade.xyz,156.729804,156.73,Bitget,157.071026,157.06,2500,55070.40,21.7714,-0.2157,15.0000,2.0000,0.0000,4.5556,1065,2026-10-01T14:58:11.069Z,opp_97f644de91bd2ba7200d493a,sha256:7e9c05d249e2897263f88b8fe18c09329042cd86e4dd5704d1c9b3d417c0409b
2026-10-01T14:58:15.659Z,META,funding_differential,trade.xyz,725.616935,725.68,Bitget,727.103978,726.76,2500,31724.42,20.4935,-0.0785,15.0000,2.0000,0.0000,3.4150,1864,2026-10-01T14:58:39.069Z,opp_180b6bedea88a4cafbbf6763,sha256:c6575900b64103331124a9de32ecb2bc45b302872cccb879fe8ec03379a9051a
2026-10-01T14:58:15.659Z,MSTR,perp_spread,trade.xyz,156.729804,156.73,Bitget,157.130220,157.12,2500,55070.40,25.5482,-0.2157,15.0000,2.0000,0.0000,8.3324,1900,2026-10-01T14:58:11.069Z,opp_bfdfefdb4dd5bfe2498a23e6,sha256:d80271bafe687bf7b92288d25536e57efe6e5649d34c6d5ea3ad2c05d4fd62ea
2026-10-01T14:58:15.659Z,META,perp_spread,trade.xyz,725.616935,725.68,Bitget,727.103978,726.76,2500,31724.42,20.4935,-0.0785,15.0000,2.0000,0.0000,3.4150,1864,2026-10-01T14:58:11.069Z,opp_d889d499695b7e3870ca7f36,sha256:91d7621b8e3dade9b0f87e6a4a123bc311ee9b77bb5e5771fec2621f9b5c41fb
2026-10-01T15:11:07.339Z,TSLA,perp_spread,trade.xyz,356.900000,356.9,Bitget,357.621887,357.61,2500,34865.53,20.2266,4.3928,15.0000,2.0000,0.0000,7.6194,1607,2026-10-01T15:11:02.687Z,opp_c3ce85a2cb7f37318e670929,sha256:2463690d06b8fb4d03c2f19b12b64ac0f4a4d24180014b47f7fb4e25319983ed
2026-10-01T15:14:18.674Z,MSTR,perp_spread,trade.xyz,156.700000,156.7,Bitget,156.926842,156.92,2500,39138.26,14.4762,3.3181,15.0000,2.0000,0.0000,0.7943,1388,2026-10-01T15:14:16.930Z,opp_045e97cc23cc9bfe30b2d204,sha256:b3db9396bfdc9a2292ea7ba46b2d872a3045335b80d4c92c33f2c191aa48dc40
2026-10-01T15:14:19.976Z,MSTR,funding_differential,trade.xyz,156.700000,156.7,Bitget,156.926842,156.92,2500,39138.26,14.4762,3.3181,15.0000,2.0000,0.0000,0.7943,1388,2026-10-01T15:14:44.930Z,opp_767e3f59768fd21cfc84009b,sha256:1b8f04baaf1b7779bdcfe4bf9b8f437d0526aa675928f0e18ddac77a25bbd518
2026-10-01T15:38:50.977Z,MSTR,funding_differential,trade.xyz,156.629114,156.65,Bitget,156.844084,156.84,2500,58024.04,13.7248,3.5083,15.0000,2.0000,0.0000,0.2330,686,2026-10-01T15:39:17.731Z,opp_167a56b09c18f05988522f07,sha256:b3ec121eb215122d856c92e74f3eeb359011b23b9379ceaf210ccb3ce47161c7
2026-10-01T15:38:50.977Z,MSTR,perp_spread,trade.xyz,156.629114,156.65,Bitget,156.844084,156.84,2500,58024.04,13.7248,3.5083,15.0000,2.0000,0.0000,0.2330,686,2026-10-01T15:38:49.731Z,opp_97b90320ff27244c93773041,sha256:246726e5e19771cd31a8d27a01e8d323ca0951a0904d8bf506a6fce3d30028a6
2026-10-01T15:38:53.944Z,COIN,perp_spread,trade.xyz,187.958217,187.96,Bitget,188.214585,188.21,2500,7299.87,13.6396,3.3775,15.0000,2.0000,0.0000,0.0171,1071,2026-10-01T15:38:49.731Z,opp_3e43528d43ebf20dfabe213a,sha256:1bbd27ed3d4162996fa096dabbf94e2a5d54589e48a052a50f3f2f151eea465e
2026-10-01T15:38:53.944Z,COIN,funding_differential,trade.xyz,187.958217,187.96,Bitget,188.214585,188.21,2500,7299.87,13.6396,3.3775,15.0000,2.0000,0.0000,0.0171,1071,2026-10-01T15:39:17.731Z,opp_f6b1de4abe81ce097c004c68,sha256:3d5c262f2fb655eae7303876dd31f4678ac3ccb7492174a7f36c54241898f2d1
2026-10-01T15:42:11.058Z,HOOD,perp_spread,trade.xyz,112.015242,112.02,Bitget,112.143534,112.1,2500,109739.13,11.4531,5.7403,15.0000,2.0000,0.0000,0.1933,1481,2026-10-01T15:42:09.081Z,opp_5d8154bdef6c0f8c47f7ef12,sha256:d3c88b834f342410dde3b020fd4c545470cd1758c0fd08f7f1adc637279331ca
2026-10-01T15:42:11.058Z,HOOD,funding_differential,trade.xyz,112.015242,112.02,Bitget,112.143534,112.1,2500,109739.13,11.4531,5.7403,15.0000,2.0000,0.0000,0.1933,1481,2026-10-01T15:42:37.081Z,opp_6b3c878b7fafc451f0bc030a,sha256:951e06778e11e6b610ccfee0d95bb4e82a5a1bbaddf46d396ae0fb75bae4a5a9
2026-10-01T15:42:12.241Z,HOOD,funding_differential,trade.xyz,112.015242,112.02,Bitget,112.143534,112.1,2500,109739.13,11.4531,5.7403,15.0000,2.0000,0.0000,0.1933,1143,2026-10-01T15:42:37.668Z,opp_3e4bf67e2243df3dd29cd459,sha256:f89a0c90afaae2d24cdaf2d5e872c1337e778e7767f0f0d99c0e5a29b234ca04
2026-10-01T15:42:12.241Z,HOOD,perp_spread,trade.xyz,112.015242,112.02,Bitget,112.143534,112.1,2500,109739.13,11.4531,5.7403,15.0000,2.0000,0.0000,0.1933,1143,2026-10-01T15:42:09.668Z,opp_ddfdc66058530a99b98b2de3,sha256:3d576e1fb0bee247f3529ae4f1a0d0f96458e20e05f9e85041313592e322eee7
2026-10-01T15:42:57.898Z,GOOGL,funding_differential,trade.xyz,340.630000,340.63,Bitget,341.065675,341.06,2500,49906.04,12.7903,4.3717,15.0000,2.0000,0.0000,0.1619,816,2026-10-01T15:43:24.310Z,opp_6300733ca5184244bdf65b2e,sha256:8b54bbc48643b75086121e78d1c7e06ca930573494f7ec153866fd7f7ead6f2f
2026-10-01T15:42:57.898Z,GOOGL,perp_spread,trade.xyz,340.630000,340.63,Bitget,341.065675,341.06,2500,49906.04,12.7903,4.3717,15.0000,2.0000,0.0000,0.1619,816,2026-10-01T15:42:56.310Z,opp_ab3588e7502dfe53ccdbaa13,sha256:3e30a2b3b178882971a9538dcc08e032386f3d8bfeb1fe7e1d7de40d825dd786
2026-10-01T15:44:43.199Z,HOOD,funding_differential,trade.xyz,111.804717,111.81,Bitget,111.933669,111.92,2500,73670.77,11.5338,5.7283,15.0000,2.0000,0.0000,0.2621,830,2026-10-01T15:45:12.113Z,opp_14b8f36b12563363657760d2,sha256:eae254b2352d304b3183f5ebad308a2a4e8ddd71e01959bf8aac703dcb0b7e46
2026-10-01T15:44:43.199Z,HOOD,perp_spread,trade.xyz,111.804717,111.81,Bitget,111.933669,111.92,2500,73670.77,11.5338,5.7283,15.0000,2.0000,0.0000,0.2621,830,2026-10-01T15:44:44.113Z,opp_e6f0f4a5346c533f6bea772b,sha256:c7de404e23f8adc414f8500ca5e37d3a1bd7aa48833bbac337581dd87ee74236
2026-10-01T15:44:44.873Z,HOOD,funding_differential,trade.xyz,111.804717,111.81,Bitget,111.934990,111.92,2500,73670.77,11.6519,5.7283,15.0000,2.0000,0.0000,0.3802,1365,2026-10-01T15:45:12.113Z,opp_9261be8844ad891168d96a1d,sha256:e348b79ec24eed9e53e6884cab808451540a38bd8f325f3997d0041855be23c2
2026-10-01T15:44:44.873Z,HOOD,perp_spread,trade.xyz,111.804717,111.81,Bitget,111.934990,111.92,2500,73670.77,11.6519,5.7283,15.0000,2.0000,0.0000,0.3802,1365,2026-10-01T15:44:44.113Z,opp_c64fa88a8ea0a2cf6c8f9286,sha256:9764c0228f1d21f3fc11a2804a6a9162cbf431f9bbf173f9bc8e916313862d66
2026-10-01T15:46:03.061Z,HOOD,perp_spread,trade.xyz,111.920000,111.92,Bitget,112.049766,112.04,2500,84524.76,11.5946,5.7246,15.0000,2.0000,0.0000,0.3192,1304,2026-10-01T15:46:00.264Z,opp_04480bdae00ce11318e7dc6b,sha256:10f99c1d7f337a67a6441eaafc154ef9c4962f15965a21dd4e87119c69bb5568
2026-10-01T15:46:03.061Z,HOOD,funding_differential,trade.xyz,111.920000,111.92,Bitget,112.049766,112.04,2500,84524.76,11.5946,5.7246,15.0000,2.0000,0.0000,0.3192,1304,2026-10-01T15:46:28.264Z,opp_1cd70c82e882454f30d349db,sha256:a4ed79722d23466dd292058f1a81b3dfa0e2118701f017af63ea630e33b85561
2026-10-01T15:46:03.061Z,HOOD,perp_spread,trade.xyz,111.920000,111.92,Bitget,112.049766,112.04,2500,84524.76,11.5946,5.7246,15.0000,2.0000,0.0000,0.3192,1208,2026-10-01T15:46:00.264Z,opp_87805eba854cf992d95cd124,sha256:1ff06253656d07f64d694ca7f74f77472500eb1cdbd686edd3b7ee4232da38a4
2026-10-01T15:46:03.061Z,HOOD,funding_differential,trade.xyz,111.920000,111.92,Bitget,112.049766,112.04,2500,84524.76,11.5946,5.7246,15.0000,2.0000,0.0000,0.3192,1208,2026-10-01T15:46:28.264Z,opp_9739ef82b2778c4ddf29850d,sha256:0dd84615719eaeb1e8abc71eed055add321c1c3cbbbbb543ccab08c4eb0b2681
2026-10-01T15:47:46.729Z,MSTR,funding_differential,trade.xyz,156.370000,156.37,Bitget,156.590388,156.59,2500,51982.99,14.0940,3.5543,15.0000,2.0000,0.0000,0.6483,990,2026-10-01T15:48:13.686Z,opp_703ea33644a93402db4b89ba,sha256:5a3febffb98a206303c12eb63a613b32643ef89a921528bbc121190b04a484df
2026-10-01T15:47:46.729Z,MSTR,perp_spread,trade.xyz,156.370000,156.37,Bitget,156.590388,156.59,2500,51982.99,14.0940,3.5543,15.0000,2.0000,0.0000,0.6483,990,2026-10-01T15:47:45.686Z,opp_74fe646d6d9317c6687ec201,sha256:2f54d7e599236595feeacb40183a53c57324b66d13bc4ccf6636f03623e34259
2026-10-01T15:47:53.973Z,HOOD,funding_differential,trade.xyz,111.940000,111.94,Bitget,112.077209,112.07,2500,124737.71,12.2574,5.7170,15.0000,2.0000,0.0000,0.9744,1255,2026-10-01T15:48:21.218Z,opp_2aa7f1eeb342251c05dbd30c,sha256:42e96e8c947fc06ef625db11f1b8065dac47f0643634f67dce4fcee433d08648
2026-10-01T15:47:53.973Z,COIN,funding_differential,trade.xyz,188.109690,188.12,Bitget,188.370239,188.3,2500,13146.52,13.8509,3.2875,15.0000,2.0000,0.0000,0.1384,1564,2026-10-01T15:48:21.218Z,opp_2d0142375c5f5dd1d2163710,sha256:13c486d0d1853226d7cb88b9d06aa1e05ea5963545d19ea4a12c277d04a752b0
2026-10-01T15:47:53.973Z,HOOD,perp_spread,trade.xyz,111.940000,111.94,Bitget,112.077209,112.07,2500,124737.71,12.2574,5.7170,15.0000,2.0000,0.0000,0.9744,1255,2026-10-01T15:47:53.218Z,opp_9321ede374445f1d48693e45,sha256:2892ce2ef59165d1755e8e7e7f1a7ee008c1554abfd676baed54c2e8a875b967
2026-10-01T15:47:53.973Z,COIN,perp_spread,trade.xyz,188.109690,188.12,Bitget,188.370239,188.3,2500,13146.52,13.8509,3.2875,15.0000,2.0000,0.0000,0.1384,1564,2026-10-01T15:47:53.218Z,opp_ece5a050e6f4b34dbc481015,sha256:636ebd23474726f09e3a3b6bd2ba465bf4af3fd0f3a1c78d88c2e71b8426a164
2026-10-01T15:47:55.275Z,HOOD,perp_spread,trade.xyz,111.940000,111.94,Bitget,112.067842,112.04,2500,124737.71,11.4206,5.7170,15.0000,2.0000,0.0000,0.1376,1315,2026-10-01T15:47:53.778Z,opp_7d8d1f2bb4e9fa2778f5ff63,sha256:ac40c3ed2ebd5330688481bf1b01c9f12cd98ec33a28471e7ded1eaf092eb95d
2026-10-01T15:47:55.275Z,HOOD,perp_spread,trade.xyz,111.940000,111.94,Bitget,112.067842,112.04,2500,124737.71,11.4206,5.7170,15.0000,2.0000,0.0000,0.1376,1414,2026-10-01T15:47:53.778Z,opp_afafea879242043ee963a357,sha256:0086e77788e4da2946f7db65dc06fff35f2f71af4915a5653b3be9cb11055cd0
2026-10-01T15:47:55.275Z,HOOD,funding_differential,trade.xyz,111.940000,111.94,Bitget,112.067842,112.04,2500,124737.71,11.4206,5.7170,15.0000,2.0000,0.0000,0.1376,1315,2026-10-01T15:48:21.778Z,opp_c6fab214b11fcd3ff3bd8ef9,sha256:4b2a3042d91195b8ba61f087eefab1922214b0955ce127ef599d846f53f7aa24
2026-10-01T15:48:09.058Z,HOOD,perp_spread,trade.xyz,111.961703,111.97,Bitget,112.104421,112.09,2500,121304.06,12.7471,5.7193,15.0000,2.0000,0.0000,1.4664,1803,2026-10-01T15:48:04.055Z,opp_dcc50e46afb5f3a73d5c9a8a,sha256:9839a41416151c679c2a8d03a0595ff94fed79b16c10456b77a9ae4528f87079
2026-10-01T15:48:37.396Z,MSTR,funding_differential,trade.xyz,156.945881,156.96,Bitget,157.250000,157.25,2500,41897.72,19.3773,3.5632,15.0000,2.0000,0.0000,5.9405,573,2026-10-01T15:49:04.603Z,opp_005b0bb0f3bb7059494c40e3,sha256:7c21d83abbcdc643ef61c7b9f925a8676e77b633abf6d331a78316576cccd19d
2026-10-01T15:48:37.396Z,MSTR,perp_spread,trade.xyz,156.945881,156.96,Bitget,157.250000,157.25,2500,41897.72,19.3773,3.5632,15.0000,2.0000,0.0000,5.9405,573,2026-10-01T15:48:36.603Z,opp_344724f02c734afac1391a7a,sha256:5f89f2f0b50a03cee7c9fbdf922d702833949892e0e793bc6cc3496975e44ec6
2026-10-01T15:48:38.809Z,HOOD,funding_differential,trade.xyz,112.010000,112.01,Bitget,112.139732,112.12,2500,166491.00,11.5822,5.7293,15.0000,2.0000,0.0000,0.3115,1016,2026-10-01T15:49:04.603Z,opp_0d1612f04f119767e732b0ce,sha256:52f0a14ce6f2b9feff447a4e99e1fabbc0e6724732fcb6a40157aefb9e23bac9
2026-10-01T15:48:38.809Z,MSTR,funding_differential,trade.xyz,156.945881,156.96,Bitget,157.172848,157.17,2500,41897.72,14.4615,3.5632,15.0000,2.0000,0.0000,1.0246,1972,2026-10-01T15:49:04.603Z,opp_3dd2a31465d916eb427a10fa,sha256:4206ee809bb4e5cc4b1b17d19cb3bb413f95ff8c424354bf0a8436ca16f54f42
2026-10-01T15:48:38.809Z,MSTR,perp_spread,trade.xyz,156.945881,156.96,Bitget,157.172848,157.17,2500,41897.72,14.4615,3.5632,15.0000,2.0000,0.0000,1.0246,1972,2026-10-01T15:48:36.603Z,opp_9325f2f99edc75fa60bf16fd,sha256:fe7395d3cc596132a44e08c3407038d237b6ba2a341e0478aa9677e4b08c136c
2026-10-01T15:48:38.809Z,HOOD,perp_spread,trade.xyz,112.010000,112.01,Bitget,112.139732,112.12,2500,166491.00,11.5822,5.7293,15.0000,2.0000,0.0000,0.3115,1016,2026-10-01T15:48:36.603Z,opp_a1cf5c30cf99bf0422755e15,sha256:961f4895ed723898bc238c66d6816a8738d7f19ab105b6f4b5d12d3dd020d31a
2026-10-01T15:48:38.809Z,MSTR,perp_spread,trade.xyz,156.945881,156.96,Bitget,157.250000,157.25,2500,41897.72,19.3773,3.5632,15.0000,2.0000,0.0000,5.9405,645,2026-10-01T15:48:36.603Z,opp_afc6848ce027c9af93d9434c,sha256:79ebcbc335b84b65eda5cbbb8d1a52bc99c20df24159e1a55ddb80e9707b87e7
2026-10-01T15:48:38.809Z,MSTR,funding_differential,trade.xyz,156.945881,156.96,Bitget,157.250000,157.25,2500,41897.72,19.3773,3.5632,15.0000,2.0000,0.0000,5.9405,645,2026-10-01T15:49:04.603Z,opp_c82d6ae7cdc28d546e991ab3,sha256:c9b156690b070812c50b6e275bf559dd207332405d0d4f2b07b74ce7f61b50d6
2026-10-01T15:49:22.060Z,HOOD,perp_spread,trade.xyz,112.016000,112.02,Bitget,112.163967,112.14,2500,144325.87,13.2095,5.7406,15.0000,2.0000,0.0000,1.9501,1067,2026-10-01T15:49:22.088Z,opp_2a05161ee6abe9b2ddc0b201,sha256:ec57315761dd14ec92874fb072b7d0829cc86c809e1301794d36812a2edbf0af
2026-10-01T15:49:22.060Z,HOOD,funding_differential,trade.xyz,112.016000,112.02,Bitget,112.163967,112.14,2500,144325.87,13.2095,5.7406,15.0000,2.0000,0.0000,1.9501,1067,2026-10-01T15:49:50.088Z,opp_b204844d1161ac47cf7d6bad,sha256:4d6f72e7c5f3859a5428a3cc4ce67773f0ab0e872d53ef4319f89b411c875b99
2026-10-01T15:49:39.311Z,HOOD,perp_spread,trade.xyz,112.093157,112.1,Bitget,112.224041,112.21,2500,118911.14,11.6764,5.7406,15.0000,2.0000,0.0000,0.4170,950,2026-10-01T15:49:38.185Z,opp_bf1c1fb351c69fba0b451e15,sha256:653fd5caeb56a4d71af7c0e03f9037676a8a252745220c2de18d0e0066c0c4db
2026-10-01T15:49:39.311Z,HOOD,funding_differential,trade.xyz,112.093157,112.1,Bitget,112.224041,112.21,2500,118911.14,11.6764,5.7406,15.0000,2.0000,0.0000,0.4170,950,2026-10-01T15:50:06.185Z,opp_e65a79c1c893ba5fdfb184cb,sha256:098bce331633c1e58abcbc55c358a0ebb392a78d9b4b09f233b1b1786e41a640
2026-10-01T15:50:22.670Z,HOOD,perp_spread,trade.xyz,112.020000,112.02,Bitget,112.161970,112.15,2500,81317.92,12.6736,5.7421,15.0000,2.0000,0.0000,1.4157,687,2026-10-01T15:50:21.826Z,opp_e75341fcdbd00b5c1286eb54,sha256:181beb8711d74b5d6115847efc5c32619f0f997071df48ce7f0d63618ef2e629
2026-10-01T15:50:22.788Z,HOOD,funding_differential,trade.xyz,112.020000,112.02,Bitget,112.161970,112.15,2500,81317.92,12.6736,5.7421,15.0000,2.0000,0.0000,1.4157,687,2026-10-01T15:50:49.826Z,opp_54a190a4178f30450f22bf74,sha256:752e3982a9b91bb4fd277adefe9fd223dc802b07fe993a860b48368c9a3e6d47
2026-10-01T15:50:22.788Z,HOOD,perp_spread,trade.xyz,112.026000,112.03,Bitget,112.161970,112.15,2500,77888.87,12.1374,5.7421,15.0000,2.0000,0.0000,0.8794,657,2026-10-01T15:50:22.185Z,opp_6576cc5dad5e2acd63fcafba,sha256:eb91c2388f1288f4e86eefc854f7cb71debc5f52f9d0122e2a9865682d8db006
2026-10-01T15:50:22.788Z,HOOD,funding_differential,trade.xyz,112.026000,112.03,Bitget,112.161970,112.15,2500,77888.87,12.1374,5.7421,15.0000,2.0000,0.0000,0.8794,657,2026-10-01T15:50:50.185Z,opp_ace12b4c386c2e2e34f18d6d,sha256:ace6d0c579b7e986bc2d0ed16d683a08054ca847e09aa9e2e07a22453afe12cd
2026-10-01T15:50:22.788Z,HOOD,funding_differential,trade.xyz,112.026000,112.03,Bitget,112.167313,112.16,2500,77888.87,12.6144,5.7421,15.0000,2.0000,0.0000,1.3564,792,2026-10-01T15:50:50.267Z,opp_d7bee77d699b02aa1d05f95f,sha256:13c33179a2041728282ac9f67a6480928e61aa30b60c6d37a5faa3b178dffc23
2026-10-01T15:50:22.788Z,HOOD,perp_spread,trade.xyz,112.026000,112.03,Bitget,112.167313,112.16,2500,77888.87,12.6144,5.7421,15.0000,2.0000,0.0000,1.3564,792,2026-10-01T15:50:22.267Z,opp_e036555ae1d769f3af5f0267,sha256:41aada220aa7d1e3bc98eeb36f9de9bea330a6d1a3d2b5d180fed6a347006d3a
2026-10-01T15:51:47.111Z,HOOD,perp_spread,trade.xyz,111.930000,111.93,Bitget,112.057880,112.05,2500,93889.81,11.4250,5.7349,15.0000,2.0000,0.0000,0.1599,853,2026-10-01T15:51:46.067Z,opp_447493063d8fae9d70f23217,sha256:b6a8929d011409b568efc86be3c87ef0811fd0cc00a4b53941c73440623788fa
2026-10-01T15:51:47.205Z,HOOD,funding_differential,trade.xyz,111.930000,111.93,Bitget,112.057880,112.05,2500,93889.81,11.4250,5.7349,15.0000,2.0000,0.0000,0.1599,853,2026-10-01T15:52:14.067Z,opp_4fa3403947c2a6bae8c87a47,sha256:ce24c01f1046ed057f46ba298b13860c6bbb829aa05e63487bd0fd267a9331c9
2026-10-01T15:51:47.205Z,HOOD,perp_spread,trade.xyz,111.930000,111.93,Bitget,112.057880,112.05,2500,93889.81,11.4250,5.7349,15.0000,2.0000,0.0000,0.1599,977,2026-10-01T15:51:46.067Z,opp_8a1a51dd40688a4826042d14,sha256:402cd602e113071f528811a79465c7cb1829b7b3b8bde523aafaf1906ffbc0e6
2026-10-01T15:56:28.682Z,MSTR,perp_spread,trade.xyz,156.474075,156.49,Bitget,156.696675,156.69,2500,29214.09,14.2260,3.6189,15.0000,2.0000,0.0000,0.8449,1055,2026-10-01T15:56:26.770Z,opp_43f1e462ed243e4e099de10b,sha256:4b08f9c9800efbef16f322e0afb62784d0c7388247a9d70c45554fc25a9bcd30
2026-10-01T15:56:28.682Z,MSTR,perp_spread,trade.xyz,156.474075,156.49,Bitget,156.861871,156.85,2500,29214.09,24.7834,3.6189,15.0000,2.0000,0.0000,11.4023,1278,2026-10-01T15:56:26.770Z,opp_6c3ddfb642134c10dddf118e,sha256:7c8fae025669886a2742942393227eb8c942b27631fb09dc436f9c6dc7bf7333
2026-10-01T15:56:28.682Z,HOOD,perp_spread,trade.xyz,111.870000,111.87,Bitget,112.066795,112.01,2500,116058.49,17.5914,5.7254,15.0000,2.0000,0.0000,6.3168,1577,2026-10-01T15:56:26.770Z,opp_939406c43800a5331a3a1217,sha256:0167e3c9c2a4a28af34857cd54de8b3c32b79a9ee28d26a468828a36ce056b68
2026-10-01T15:56:28.682Z,GOOGL,perp_spread,trade.xyz,340.420000,340.42,Bitget,340.849095,340.82,2500,65206.78,12.6049,4.4680,15.0000,2.0000,0.0000,0.0728,1426,2026-10-01T15:56:26.770Z,opp_a6b0fd694f3e4833a3e9f4a7,sha256:da565d9d9917337ad241d5ffb0c83098661261a800df4b2e671b7801b349781d
2026-10-01T15:56:28.682Z,MSTR,funding_differential,trade.xyz,156.474075,156.49,Bitget,156.696675,156.69,2500,29214.09,14.2260,3.6189,15.0000,2.0000,0.0000,0.8449,1055,2026-10-01T15:56:54.770Z,opp_ace05597e0f284f258620ec6,sha256:08811da4d456c6f44d5b5613021d24b369b4a215df8009ed10c9d510c9d38ed0
2026-10-01T15:56:28.682Z,GOOGL,funding_differential,trade.xyz,340.420000,340.42,Bitget,340.849095,340.82,2500,65206.78,12.6049,4.4680,15.0000,2.0000,0.0000,0.0728,1426,2026-10-01T15:56:54.770Z,opp_bf56bad221d1e8b0d588ae8f,sha256:ad595f661479554671130eb10f91db13d187389342da7446ae2790b6ff5938ca
2026-10-01T15:56:28.682Z,MSTR,funding_differential,trade.xyz,156.474075,156.49,Bitget,156.861871,156.85,2500,29214.09,24.7834,3.6189,15.0000,2.0000,0.0000,11.4023,1278,2026-10-01T15:56:54.770Z,opp_ffc05f7c7df574e64d9f9a55,sha256:40f3f9507ffd2bdfc28b2da9a464e961bc796e00dbfdd2b04017f78d7dbc7679
2026-10-01T15:56:35.489Z,HOOD,perp_spread,trade.xyz,111.940000,111.94,Bitget,112.092221,112.07,2500,110689.12,13.5985,5.7254,15.0000,2.0000,0.0000,2.3238,1115,2026-10-01T15:56:34.213Z,opp_a2bf02e2f9aab3249bba4776,sha256:8f1b855ded1122e80338ad8f9a051df38d23e1dc07b9bed149e23c6a8949ff9f
2026-10-01T15:56:38.727Z,HOOD,perp_spread,trade.xyz,111.990000,111.99,Bitget,112.150000,112.15,2500,52005.77,14.2870,5.7254,15.0000,2.0000,0.0000,3.0124,774,2026-10-01T15:56:35.888Z,opp_05148587e8383dcac03ddf26,sha256:56886f26105c792f727230fdaab25c3a2202cd1615979ed3f799847422f0bb72
2026-10-01T15:56:38.727Z,HOOD,funding_differential,trade.xyz,111.990000,111.99,Bitget,112.150000,112.15,2500,52005.77,14.2870,5.7254,15.0000,2.0000,0.0000,3.0124,774,2026-10-01T15:57:03.888Z,opp_0c25fa7385ce95c2f9490a37,sha256:5c8e0f65dcce3fc92ec72c8218e16b7123b2c4c8034786184b9f840d8da1600a
2026-10-01T15:56:38.727Z,HOOD,funding_differential,trade.xyz,111.940000,111.94,Bitget,112.092221,112.07,2500,110689.12,13.5985,5.7254,15.0000,2.0000,0.0000,2.3238,1115,2026-10-01T15:57:02.213Z,opp_e11bf8c8770274017edfb248,sha256:7aa2344eae4c48fd6475e47fb21a933fb479e8ff8df1c072123c278eaae8792a
2026-10-01T18:13:07.802Z,MSTR,funding_differential,trade.xyz,159.145000,159.15,Bitget,159.443202,159.43,2500,37157.16,18.7378,-0.2135,15.0000,2.0000,0.0000,1.5243,1425,2026-10-01T18:13:32.737Z,opp_72f5dc48a33f87fc41a0f3da,sha256:411de3eef43e385e06ff0f9bd4b3bd31d9f690f132c2b5c764cc61d358ab1c88
2026-10-01T18:13:07.802Z,MSTR,perp_spread,trade.xyz,159.145000,159.15,Bitget,159.443202,159.43,2500,37157.16,18.7378,-0.2135,15.0000,2.0000,0.0000,1.5243,1425,2026-10-01T18:13:04.737Z,opp_a00dbbc2aa3645fc6773cf2c,sha256:563fb8c5f0aed9902a95e2f0dfac1425fd4f083277032c023f592139cfd0c2ab
2026-10-01T18:23:20.957Z,MSTR,perp_spread,trade.xyz,158.950933,158.96,Bitget,159.342735,159.32,2500,70550.49,24.6492,-0.2428,15.0000,2.0000,0.0000,7.4064,1173,2026-10-01T18:23:19.393Z,opp_6ae938877b23cd31ceafb705,sha256:b30477b7a563271510f0a96a709a41f19253d59451b58f88ff85e54679a94add
2026-10-01T18:23:22.378Z,MSTR,funding_differential,trade.xyz,158.950933,158.96,Bitget,159.342735,159.32,2500,70550.49,24.6492,-0.2428,15.0000,2.0000,0.0000,7.4064,1173,2026-10-01T18:23:47.393Z,opp_5749d21446cce6859c25b639,sha256:fd88511e53428992830fd8523f2baf16408d6e3dede086132e0197d97638c443
2026-10-01T18:23:22.379Z,HOOD,funding_differential,trade.xyz,111.560000,111.56,Bitget,111.762912,111.72,2500,45720.82,18.1886,-0.0625,15.0000,2.0000,0.0000,1.1261,1091,2026-10-01T18:23:47.906Z,opp_4a05b08d094545381f3d1446,sha256:09ccc34e46a610b6bf512fb7bcf610faf4d007ddcfae65a1f6e62c0e92c0f8e0
2026-10-01T18:23:22.379Z,HOOD,funding_differential,trade.xyz,111.560000,111.56,Bitget,111.762912,111.72,2500,45720.82,18.1886,-0.0625,15.0000,2.0000,0.0000,1.1261,1493,2026-10-01T18:23:47.906Z,opp_532613f686ac0cf856623c23,sha256:de31be63d1e8952038cae4fbf6c546084291c3e3d1ce8cb3b9974e685c46922d
2026-10-01T18:23:22.379Z,HOOD,perp_spread,trade.xyz,111.560000,111.56,Bitget,111.762912,111.72,2500,45720.82,18.1886,-0.0625,15.0000,2.0000,0.0000,1.1261,1091,2026-10-01T18:23:19.906Z,opp_6449159e2c5d556043ec8e37,sha256:9611bfe37d64902f81a124b6c2bc1b77abab8abcd92489e7ac0fef596f688a0d
2026-10-01T18:23:22.379Z,HOOD,perp_spread,trade.xyz,111.560000,111.56,Bitget,111.778303,111.77,2500,45720.82,19.5682,-0.0625,15.0000,2.0000,0.0000,2.5057,1674,2026-10-01T18:23:19.906Z,opp_736dd5f865c1e44ba4f7d812,sha256:391f91229df071c6250e40788412536949df9ae37d9f1890c18fec6abbcf993a
2026-10-01T18:23:22.379Z,HOOD,funding_differential,trade.xyz,111.560000,111.56,Bitget,111.778303,111.77,2500,45720.82,19.5682,-0.0625,15.0000,2.0000,0.0000,2.5057,1674,2026-10-01T18:23:47.906Z,opp_764e116bcc1c118592feddf9,sha256:27053c94fd882a06bcde091de844077d01d1c9b2f63e771c0cf5491f677f0c66
2026-10-01T18:23:22.379Z,HOOD,perp_spread,trade.xyz,111.560000,111.56,Bitget,111.762912,111.72,2500,45720.82,18.1886,-0.0625,15.0000,2.0000,0.0000,1.1261,1493,2026-10-01T18:23:19.906Z,opp_eb77fe92a66572b8b1cf8714,sha256:a52c6bad2affe27435df17ea9c57e97b0ac60a8d980a551b466c1668f1be5565
